time,open,high,low,close,volume
2024-01-01T20:00:00.000Z,1.10427,1.10447,1.10356,1.10365,0
2024-01-02T00:00:00.000Z,1.10366,1.10432,1.10176,1.10245,0
2024-01-02T04:00:00.000Z,1.10245,1.1038,1.10151,1.10153,0
2024-01-02T08:00:00.000Z,1.10156,1.10387,1.09665,1.0969,0
2024-01-02T12:00:00.000Z,1.09691,1.09717,1.0941,1.09435,0
2024-01-02T16:00:00.000Z,1.09436,1.09616,1.09408,1.09465,0
2024-01-02T20:00:00.000Z,1.09465,1.09511,1.09375,1.09416,0
2024-01-03T00:00:00.000Z,1.09416,1.09622,1.09412,1.09608,0
2024-01-03T04:00:00.000Z,1.09607,1.09627,1.09511,1.09603,0
2024-01-03T08:00:00.000Z,1.09602,1.09654,1.09154,1.09195,0
2024-01-03T12:00:00.000Z,1.09195,1.09385,1.0898,1.09044,0
2024-01-03T16:00:00.000Z,1.09045,1.09257,1.08929,1.09176,0
2024-01-03T20:00:00.000Z,1.09177,1.09275,1.0915,1.09258,0
2024-01-04T00:00:00.000Z,1.09259,1.09306,1.0916,1.09261,0
2024-01-04T04:00:00.000Z,1.09261,1.09436,1.09208,1.09375,0
2024-01-04T08:00:00.000Z,1.09375,1.09721,1.09345,1.09479,0
2024-01-04T12:00:00.000Z,1.09477,1.09652,1.09327,1.0955,0
2024-01-04T16:00:00.000Z,1.09551,1.09639,1.09418,1.0947,0
2024-01-04T20:00:00.000Z,1.09469,1.095,1.0943,1.09462,0
2024-01-05T00:00:00.000Z,1.09461,1.09558,1.09391,1.09392,0
2024-01-05T04:00:00.000Z,1.09392,1.09411,1.09226,1.09231,0
2024-01-05T08:00:00.000Z,1.09231,1.09305,1.09028,1.09142,0
2024-01-05T12:00:00.000Z,1.09142,1.09984,1.08767,1.09781,0
2024-01-05T16:00:00.000Z,1.09782,1.09805,1.09352,1.09452,0
2024-01-05T20:00:00.000Z,1.09452,1.09471,1.09357,1.09392,0
2024-01-07T20:00:00.000Z,1.09386,1.09456,1.09349,1.09415,0
2024-01-08T00:00:00.000Z,1.09413,1.0953,1.09313,1.09329,0
2024-01-08T04:00:00.000Z,1.09329,1.09522,1.09306,1.09451,0
2024-01-08T08:00:00.000Z,1.09454,1.09506,1.09226,1.09379,0
2024-01-08T12:00:00.000Z,1.09378,1.09745,1.09372,1.09697,0
2024-01-08T16:00:00.000Z,1.09696,1.09788,1.09488,1.09609,0
2024-01-08T20:00:00.000Z,1.0961,1.0961,1.09493,1.09497,0
2024-01-09T00:00:00.000Z,1.09497,1.09663,1.09492,1.09627,0
2024-01-09T04:00:00.000Z,1.09628,1.09629,1.09461,1.09566,0
2024-01-09T08:00:00.000Z,1.09566,1.09566,1.09287,1.09314,0
2024-01-09T12:00:00.000Z,1.09313,1.09513,1.09175,1.09178,0
2024-01-09T16:00:00.000Z,1.09178,1.094,1.09103,1.09252,0
2024-01-09T20:00:00.000Z,1.09252,1.09326,1.0925,1.09317,0
2024-01-10T00:00:00.000Z,1.09316,1.09363,1.09261,1.09292,0
2024-01-10T04:00:00.000Z,1.09292,1.09453,1.09235,1.0926,0
2024-01-10T08:00:00.000Z,1.09261,1.09553,1.09228,1.09459,0
2024-01-10T12:00:00.000Z,1.09459,1.0969,1.0932,1.09673,0
2024-01-10T16:00:00.000Z,1.09674,1.09707,1.09523,1.09703,0
2024-01-10T20:00:00.000Z,1.09703,1.09747,1.09615,1.0974,0
2024-01-11T00:00:00.000Z,1.09742,1.09847,1.0973,1.09803,0
2024-01-11T04:00:00.000Z,1.09802,1.09885,1.09744,1.09788,0
2024-01-11T08:00:00.000Z,1.0979,1.09824,1.09585,1.09785,0
2024-01-11T12:00:00.000Z,1.09786,1.1,1.09302,1.09464,0
2024-01-11T16:00:00.000Z,1.09466,1.09829,1.09366,1.09819,0
2024-01-11T20:00:00.000Z,1.0982,1.09825,1.09561,1.09824,0
2024-01-12T00:00:00.000Z,1.09823,1.09853,1.09725,1.09776,0
2024-01-12T04:00:00.000Z,1.09774,1.09803,1.09608,1.09666,0
2024-01-12T08:00:00.000Z,1.09666,1.09827,1.09465,1.09496,0
2024-01-12T12:00:00.000Z,1.09495,1.09868,1.09359,1.09661,0
2024-01-12T16:00:00.000Z,1.09662,1.09738,1.0947,1.09559,0
2024-01-12T20:00:00.000Z,1.09559,1.09563,1.09481,1.09483,0
2024-01-14T20:00:00.000Z,1.0948,1.09502,1.0944,1.09451,0
2024-01-15T00:00:00.000Z,1.09451,1.09675,1.09407,1.09643,0
2024-01-15T04:00:00.000Z,1.09642,1.09666,1.09515,1.09533,0
2024-01-15T08:00:00.000Z,1.09535,1.09649,1.09335,1.09453,0
2024-01-15T12:00:00.000Z,1.09453,1.09589,1.09381,1.09496,0
2024-01-15T16:00:00.000Z,1.09497,1.09528,1.0946,1.09528,0
2024-01-15T20:00:00.000Z,1.09506,1.09517,1.09447,1.09449,0
2024-01-16T00:00:00.000Z,1.09447,1.09461,1.09154,1.09189,0
2024-01-16T04:00:00.000Z,1.09187,1.09265,1.09086,1.09184,0
2024-01-16T08:00:00.000Z,1.09184,1.09233,1.08739,1.08922,0
2024-01-16T12:00:00.000Z,1.08923,1.08979,1.08656,1.08857,0
2024-01-16T16:00:00.000Z,1.08856,1.08946,1.0862,1.08736,0
2024-01-16T20:00:00.000Z,1.08737,1.08756,1.087,1.08714,0
2024-01-17T00:00:00.000Z,1.08786,1.08844,1.08651,1.08663,0
2024-01-17T04:00:00.000Z,1.08662,1.08737,1.08554,1.08701,0
2024-01-17T08:00:00.000Z,1.08701,1.08839,1.08609,1.08785,0
2024-01-17T12:00:00.000Z,1.08785,1.08813,1.08445,1.0849,0
2024-01-17T16:00:00.000Z,1.08489,1.08787,1.08476,1.08738,0
2024-01-17T20:00:00.000Z,1.08737,1.0886,1.08702,1.0886,0
2024-01-18T00:00:00.000Z,1.08861,1.09028,1.08802,1.08954,0
2024-01-18T04:00:00.000Z,1.08953,1.09067,1.08863,1.08881,0
2024-01-18T08:00:00.000Z,1.08878,1.08995,1.08766,1.08891,0
2024-01-18T12:00:00.000Z,1.0889,1.08939,1.08466,1.08521,0
2024-01-18T16:00:00.000Z,1.08519,1.08701,1.08501,1.08617,0
2024-01-18T20:00:00.000Z,1.08617,1.08804,1.08607,1.08799,0
2024-01-19T00:00:00.000Z,1.088,1.08896,1.08762,1.08889,0
2024-01-19T04:00:00.000Z,1.0889,1.08894,1.08745,1.08794,0
2024-01-19T08:00:00.000Z,1.08793,1.0893,1.08681,1.08873,0
2024-01-19T12:00:00.000Z,1.08873,1.089,1.08656,1.08825,0
2024-01-19T16:00:00.000Z,1.08824,1.08963,1.088,1.08922,0
2024-01-19T20:00:00.000Z,1.08924,1.08983,1.08899,1.0896,0
2024-01-21T20:00:00.000Z,1.08906,1.08976,1.08878,1.0892,0
2024-01-22T00:00:00.000Z,1.0892,1.09091,1.08912,1.09019,0
2024-01-22T04:00:00.000Z,1.09021,1.09094,1.08972,1.08977,0
2024-01-22T08:00:00.000Z,1.08975,1.09023,1.08815,1.08898,0
2024-01-22T12:00:00.000Z,1.08899,1.08995,1.088,1.08852,0
2024-01-22T16:00:00.000Z,1.08851,1.09,1.08803,1.08847,0
2024-01-22T20:00:00.000Z,1.08849,1.08854,1.08768,1.08772,0
2024-01-23T00:00:00.000Z,1.08776,1.08949,1.08756,1.08927,0
2024-01-23T04:00:00.000Z,1.08928,1.09162,1.08916,1.09083,0
2024-01-23T08:00:00.000Z,1.09084,1.09105,1.086,1.08663,0
2024-01-23T12:00:00.000Z,1.08663,1.08758,1.08215,1.08308,0
2024-01-23T16:00:00.000Z,1.0831,1.08477,1.08244,1.08451,0
2024-01-23T20:00:00.000Z,1.08452,1.08593,1.08435,1.08572,0
2024-01-24T00:00:00.000Z,1.08573,1.08614,1.08514,1.08589,0
2024-01-24T04:00:00.000Z,1.08592,1.08794,1.08581,1.08732,0
2024-01-24T08:00:00.000Z,1.08733,1.09077,1.08625,1.08927,0
2024-01-24T12:00:00.000Z,1.08928,1.09323,1.08874,1.09007,0
2024-01-24T16:00:00.000Z,1.09007,1.09086,1.08813,1.08883,0
2024-01-24T20:00:00.000Z,1.08882,1.08905,1.08776,1.0881,0
2024-01-25T00:00:00.000Z,1.08811,1.08818,1.08702,1.08778,0
2024-01-25T04:00:00.000Z,1.08777,1.08913,1.08744,1.08878,0
2024-01-25T08:00:00.000Z,1.08877,1.08996,1.08828,1.08948,0
2024-01-25T12:00:00.000Z,1.08949,1.09018,1.08293,1.08317,0
2024-01-25T16:00:00.000Z,1.08316,1.08519,1.08216,1.08359,0
2024-01-25T20:00:00.000Z,1.08358,1.08479,1.08334,1.08454,0
2024-01-26T00:00:00.000Z,1.08455,1.08488,1.08373,1.08449,0
2024-01-26T04:00:00.000Z,1.08449,1.08449,1.08128,1.08194,0
2024-01-26T08:00:00.000Z,1.08193,1.08761,1.08173,1.08745,0
2024-01-26T12:00:00.000Z,1.08745,1.08854,1.0855,1.08641,0
2024-01-26T16:00:00.000Z,1.0864,1.08704,1.08537,1.08581,0
2024-01-26T20:00:00.000Z,1.08582,1.08622,1.08502,1.08504,0
2024-01-28T20:00:00.000Z,1.08468,1.0849,1.08414,1.08422,0
2024-01-29T00:00:00.000Z,1.08423,1.08489,1.08393,1.08451,0
2024-01-29T04:00:00.000Z,1.08452,1.085,1.08349,1.08371,0
2024-01-29T08:00:00.000Z,1.0837,1.08418,1.08139,1.08228,0
2024-01-29T12:00:00.000Z,1.08228,1.08368,1.07962,1.07972,0
2024-01-29T16:00:00.000Z,1.07974,1.08199,1.07958,1.08189,0
2024-01-29T20:00:00.000Z,1.08189,1.08404,1.08189,1.08336,0
2024-01-30T00:00:00.000Z,1.08336,1.08422,1.08299,1.08305,0
2024-01-30T04:00:00.000Z,1.08307,1.08335,1.08119,1.08227,0
2024-01-30T08:00:00.000Z,1.08228,1.08481,1.08162,1.08419,0
2024-01-30T12:00:00.000Z,1.08418,1.08573,1.08281,1.08369,0
2024-01-30T16:00:00.000Z,1.08368,1.08471,1.08315,1.08459,0
2024-01-30T20:00:00.000Z,1.0846,1.08485,1.08399,1.08428,0
2024-01-31T00:00:00.000Z,1.08429,1.08481,1.08159,1.08186,0
2024-01-31T04:00:00.000Z,1.08185,1.08222,1.0806,1.0816,0
2024-01-31T08:00:00.000Z,1.08159,1.08404,1.08092,1.08389,0
2024-01-31T12:00:00.000Z,1.0839,1.08874,1.08335,1.08613,0
2024-01-31T16:00:00.000Z,1.08611,1.08678,1.08157,1.08403,0
2024-01-31T20:00:00.000Z,1.08402,1.08417,1.07949,1.08039,0
2024-02-01T00:00:00.000Z,1.08039,1.08217,1.08016,1.08116,0
2024-02-01T04:00:00.000Z,1.08117,1.08135,1.07838,1.07932,0
2024-02-01T08:00:00.000Z,1.07932,1.08132,1.07799,1.08083,0
2024-02-01T12:00:00.000Z,1.08084,1.08318,1.08056,1.08264,0
2024-02-01T16:00:00.000Z,1.08263,1.08748,1.08263,1.08718,0
2024-02-01T20:00:00.000Z,1.08719,1.08761,1.08668,1.08742,0
2024-02-02T00:00:00.000Z,1.08741,1.08796,1.08701,1.08767,0
2024-02-02T04:00:00.000Z,1.08765,1.08869,1.08719,1.08808,0
2024-02-02T08:00:00.000Z,1.08809,1.08974,1.08735,1.08835,0
2024-02-02T12:00:00.000Z,1.08837,1.0886,1.07832,1.08023,0
2024-02-02T16:00:00.000Z,1.08024,1.08037,1.07804,1.07925,0
2024-02-02T20:00:00.000Z,1.07926,1.07974,1.07849,1.07849,0
2024-02-04T20:00:00.000Z,1.07854,1.07858,1.07698,1.07796,0
2024-02-05T00:00:00.000Z,1.07796,1.07831,1.07673,1.07791,0
2024-02-05T04:00:00.000Z,1.0779,1.07847,1.07726,1.07802,0
2024-02-05T08:00:00.000Z,1.07802,1.07861,1.07469,1.07548,0
2024-02-05T12:00:00.000Z,1.07551,1.07575,1.07231,1.07252,0
2024-02-05T16:00:00.000Z,1.07252,1.07465,1.07246,1.07429,0
2024-02-05T20:00:00.000Z,1.07429,1.0744,1.07367,1.0741,0
2024-02-06T00:00:00.000Z,1.07409,1.0749,1.07409,1.07439,0
2024-02-06T04:00:00.000Z,1.07439,1.07623,1.07434,1.07517,0
2024-02-06T08:00:00.000Z,1.07517,1.076,1.07242,1.07385,0
2024-02-06T12:00:00.000Z,1.07384,1.07483,1.07225,1.07432,0
2024-02-06T16:00:00.000Z,1.07431,1.07556,1.0739,1.07493,0
2024-02-06T20:00:00.000Z,1.07494,1.07574,1.07492,1.07566,0
2024-02-07T00:00:00.000Z,1.07569,1.07665,1.07559,1.07588,0
2024-02-07T04:00:00.000Z,1.07587,1.07728,1.07566,1.07725,0
2024-02-07T08:00:00.000Z,1.07725,1.07739,1.07578,1.07709,0
2024-02-07T12:00:00.000Z,1.07709,1.07838,1.07556,1.07566,0
2024-02-07T16:00:00.000Z,1.07567,1.07753,1.07562,1.07719,0
2024-02-07T20:00:00.000Z,1.07718,1.0777,1.07679,1.07754,0
2024-02-08T00:00:00.000Z,1.07754,1.07848,1.07744,1.07823,0
2024-02-08T04:00:00.000Z,1.07822,1.07889,1.07767,1.078,0
2024-02-08T08:00:00.000Z,1.07801,1.07855,1.0761,1.07629,0
2024-02-08T12:00:00.000Z,1.0763,1.07675,1.07416,1.07611,0
2024-02-08T16:00:00.000Z,1.07611,1.07827,1.07601,1.07747,0
2024-02-08T20:00:00.000Z,1.07748,1.07799,1.07738,1.07776,0
2024-02-09T00:00:00.000Z,1.07775,1.07786,1.07701,1.07708,0
2024-02-09T04:00:00.000Z,1.07709,1.07827,1.07693,1.07801,0
2024-02-09T08:00:00.000Z,1.07803,1.07847,1.07621,1.07716,0
2024-02-09T12:00:00.000Z,1.07717,1.07951,1.0763,1.07863,0
2024-02-09T16:00:00.000Z,1.07864,1.07908,1.07792,1.07825,0
2024-02-09T20:00:00.000Z,1.07824,1.07885,1.07797,1.07821,0
2024-02-11T20:00:00.000Z,1.07767,1.07983,1.07766,1.07979,0
2024-02-12T00:00:00.000Z,1.0798,1.07997,1.07911,1.07918,0
2024-02-12T04:00:00.000Z,1.07918,1.08055,1.07893,1.08031,0
2024-02-12T08:00:00.000Z,1.0803,1.0803,1.0763,1.07693,0
2024-02-12T12:00:00.000Z,1.07695,1.07741,1.07559,1.07674,0
2024-02-12T16:00:00.000Z,1.07673,1.0786,1.07652,1.07693,0
2024-02-12T20:00:00.000Z,1.07693,1.07751,1.07693,1.07717,0
2024-02-13T00:00:00.000Z,1.07718,1.07744,1.07606,1.07617,0
2024-02-13T04:00:00.000Z,1.07616,1.07776,1.07612,1.07712,0
2024-02-13T08:00:00.000Z,1.07711,1.07818,1.07567,1.07778,0
2024-02-13T12:00:00.000Z,1.07777,1.07985,1.07006,1.07166,0
2024-02-13T16:00:00.000Z,1.07166,1.0722,1.07005,1.07012,0
2024-02-13T20:00:00.000Z,1.07012,1.07116,1.07005,1.07083,0
2024-02-14T00:00:00.000Z,1.07083,1.07144,1.07032,1.07126,0
2024-02-14T04:00:00.000Z,1.07124,1.07186,1.0705,1.07075,0
2024-02-14T08:00:00.000Z,1.07074,1.07103,1.06949,1.07078,0
2024-02-14T12:00:00.000Z,1.07079,1.07252,1.0701,1.07212,0
2024-02-14T16:00:00.000Z,1.07211,1.07344,1.07191,1.07281,0
2024-02-14T20:00:00.000Z,1.07282,1.07322,1.07246,1.07319,0
2024-02-15T00:00:00.000Z,1.07321,1.07354,1.0725,1.07256,0
2024-02-15T04:00:00.000Z,1.07255,1.07413,1.07246,1.07328,0
2024-02-15T08:00:00.000Z,1.07328,1.074,1.07279,1.07353,0
2024-02-15T12:00:00.000Z,1.07354,1.07847,1.07353,1.07611,0
2024-02-15T16:00:00.000Z,1.07611,1.07723,1.07552,1.07687,0
2024-02-15T20:00:00.000Z,1.07687,1.07768,1.0768,1.07726,0
2024-02-16T00:00:00.000Z,1.07726,1.07736,1.0759,1.07598,0
2024-02-16T04:00:00.000Z,1.07599,1.07678,1.07573,1.07606,0
2024-02-16T08:00:00.000Z,1.07607,1.078,1.07595,1.07775,0
2024-02-16T12:00:00.000Z,1.07773,1.0778,1.07319,1.07707,0
2024-02-16T16:00:00.000Z,1.0771,1.07874,1.07626,1.0777,0
2024-02-16T20:00:00.000Z,1.0777,1.07778,1.07729,1.07749,0
2024-02-18T20:00:00.000Z,1.07718,1.0785,1.07718,1.0784,0
2024-02-19T00:00:00.000Z,1.07838,1.07889,1.0775,1.07754,0
2024-02-19T04:00:00.000Z,1.07753,1.07894,1.07748,1.07826,0
2024-02-19T08:00:00.000Z,1.0783,1.07873,1.07721,1.0777,0
2024-02-19T12:00:00.000Z,1.07769,1.07794,1.07621,1.07674,0
2024-02-19T16:00:00.000Z,1.07673,1.07836,1.07626,1.07783,0
2024-02-19T20:00:00.000Z,1.07786,1.07823,1.07737,1.07754,0
2024-02-20T00:00:00.000Z,1.07753,1.07769,1.07615,1.07678,0
2024-02-20T04:00:00.000Z,1.07678,1.07748,1.07651,1.07697,0
2024-02-20T08:00:00.000Z,1.07695,1.08094,1.07688,1.07983,0
2024-02-20T12:00:00.000Z,1.07984,1.08387,1.07954,1.08226,0
2024-02-20T16:00:00.000Z,1.08227,1.08248,1.08064,1.08064,0
2024-02-20T20:00:00.000Z,1.08063,1.08126,1.08043,1.08098,0
2024-02-21T00:00:00.000Z,1.081,1.08189,1.08055,1.08178,0
2024-02-21T04:00:00.000Z,1.08179,1.08191,1.08064,1.08107,0
2024-02-21T08:00:00.000Z,1.08106,1.08146,1.07899,1.0799,0
2024-02-21T12:00:00.000Z,1.0799,1.08199,1.07964,1.08051,0
2024-02-21T16:00:00.000Z,1.08051,1.08243,1.07999,1.08165,0
2024-02-21T20:00:00.000Z,1.08164,1.08226,1.08124,1.08202,0
2024-02-22T00:00:00.000Z,1.08201,1.08321,1.0819,1.08257,0
2024-02-22T04:00:00.000Z,1.08258,1.08538,1.08252,1.08531,0
2024-02-22T08:00:00.000Z,1.08531,1.08882,1.08448,1.08573,0
2024-02-22T12:00:00.000Z,1.08572,1.08586,1.08026,1.08102,0
2024-02-22T16:00:00.000Z,1.08101,1.08261,1.08088,1.08223,0
2024-02-22T20:00:00.000Z,1.08224,1.08258,1.08174,1.08253,0
2024-02-23T00:00:00.000Z,1.08253,1.08318,1.08149,1.08252,0
2024-02-23T04:00:00.000Z,1.08253,1.08318,1.08213,1.08294,0
2024-02-23T08:00:00.000Z,1.08295,1.08324,1.0814,1.08271,0
2024-02-23T12:00:00.000Z,1.08271,1.08395,1.08117,1.08206,0
2024-02-23T16:00:00.000Z,1.08206,1.08296,1.08149,1.08229,0
2024-02-23T20:00:00.000Z,1.08229,1.08245,1.08174,1.08174,0
2024-02-25T20:00:00.000Z,1.08318,1.08322,1.08182,1.0819,0
2024-02-26T00:00:00.000Z,1.08188,1.08202,1.08126,1.08185,0
2024-02-26T04:00:00.000Z,1.08185,1.08366,1.08175,1.08321,0
2024-02-26T08:00:00.000Z,1.08322,1.0854,1.0827,1.08519,0
2024-02-26T12:00:00.000Z,1.0852,1.08597,1.08386,1.08509,0
2024-02-26T16:00:00.000Z,1.08509,1.08555,1.08397,1.08462,0
2024-02-26T20:00:00.000Z,1.08462,1.08525,1.08461,1.08503,0
2024-02-27T00:00:00.000Z,1.08504,1.08534,1.08454,1.08528,0
2024-02-27T04:00:00.000Z,1.08529,1.08626,1.0847,1.0856,0
2024-02-27T08:00:00.000Z,1.08558,1.08659,1.08418,1.08576,0
2024-02-27T12:00:00.000Z,1.08576,1.0863,1.0833,1.08469,0
2024-02-27T16:00:00.000Z,1.08469,1.08577,1.08408,1.08442,0
2024-02-27T20:00:00.000Z,1.08441,1.08475,1.0841,1.0841,0
2024-02-28T00:00:00.000Z,1.08411,1.08455,1.08328,1.08343,0
2024-02-28T04:00:00.000Z,1.08344,1.08357,1.08164,1.08232,0
2024-02-28T08:00:00.000Z,1.08233,1.08241,1.07966,1.08154,0
2024-02-28T12:00:00.000Z,1.08154,1.08379,1.08067,1.08343,0
2024-02-28T16:00:00.000Z,1.08342,1.08458,1.08312,1.08336,0
2024-02-28T20:00:00.000Z,1.08336,1.08401,1.0833,1.08383,0
2024-02-29T00:00:00.000Z,1.08384,1.08403,1.0828,1.08369,0
2024-02-29T04:00:00.000Z,1.08368,1.08393,1.08259,1.08288,0
2024-02-29T08:00:00.000Z,1.08288,1.08542,1.08285,1.08343,0
2024-02-29T12:00:00.000Z,1.08343,1.08558,1.0819,1.08224,0
2024-02-29T16:00:00.000Z,1.08223,1.0825,1.07958,1.08025,0
2024-02-29T20:00:00.000Z,1.08025,1.08095,1.07998,1.08055,0
2024-03-01T00:00:00.000Z,1.08055,1.08218,1.08052,1.08168,0
2024-03-01T04:00:00.000Z,1.08169,1.08174,1.08082,1.08125,0
2024-03-01T08:00:00.000Z,1.08127,1.08227,1.07984,1.08187,0
2024-03-01T12:00:00.000Z,1.08187,1.08416,1.07981,1.0835,0
2024-03-01T16:00:00.000Z,1.08349,1.08432,1.08233,1.08412,0
2024-03-01T20:00:00.000Z,1.08412,1.08412,1.08333,1.08368,0
2024-03-03T20:00:00.000Z,1.08359,1.0844,1.0835,1.08416,0
2024-03-04T00:00:00.000Z,1.08417,1.0848,1.08385,1.08438,0
2024-03-04T04:00:00.000Z,1.0844,1.08539,1.08428,1.08537,0
2024-03-04T08:00:00.000Z,1.08537,1.08578,1.08377,1.08562,0
2024-03-04T12:00:00.000Z,1.08562,1.08636,1.08401,1.08632,0
2024-03-04T16:00:00.000Z,1.08633,1.08667,1.08553,1.08565,0
2024-03-04T20:00:00.000Z,1.08565,1.08594,1.08526,1.08541,0
2024-03-05T00:00:00.000Z,1.0854,1.08552,1.08475,1.08541,0
2024-03-05T04:00:00.000Z,1.08542,1.08542,1.08414,1.08463,0
2024-03-05T08:00:00.000Z,1.08464,1.08558,1.0843,1.08498,0
2024-03-05T12:00:00.000Z,1.08498,1.0876,1.08403,1.08714,0
2024-03-05T16:00:00.000Z,1.08715,1.08719,1.08513,1.08528,0
2024-03-05T20:00:00.000Z,1.08528,1.08589,1.08489,1.08555,0
2024-03-06T00:00:00.000Z,1.08554,1.08556,1.08421,1.08507,0
2024-03-06T04:00:00.000Z,1.08507,1.08663,1.08495,1.08619,0
2024-03-06T08:00:00.000Z,1.08619,1.08795,1.08592,1.08757,0
2024-03-06T12:00:00.000Z,1.08757,1.09087,1.08675,1.09052,0
2024-03-06T16:00:00.000Z,1.09053,1.09153,1.08933,1.08968,0
2024-03-06T20:00:00.000Z,1.08967,1.09013,1.08928,1.08995,0
2024-03-07T00:00:00.000Z,1.08994,1.09073,1.08936,1.09006,0
2024-03-07T04:00:00.000Z,1.09005,1.09055,1.08912,1.08937,0
2024-03-07T08:00:00.000Z,1.08938,1.09027,1.08876,1.08939,0
2024-03-07T12:00:00.000Z,1.08939,1.09309,1.08678,1.09299,0
2024-03-07T16:00:00.000Z,1.09299,1.09487,1.09247,1.09468,0
2024-03-07T20:00:00.000Z,1.09469,1.09513,1.09426,1.09509,0
2024-03-08T00:00:00.000Z,1.0951,1.09556,1.09442,1.09473,0
2024-03-08T04:00:00.000Z,1.09476,1.0951,1.09318,1.09336,0
2024-03-08T08:00:00.000Z,1.09336,1.0939,1.09261,1.09345,0
2024-03-08T12:00:00.000Z,1.09346,1.09812,1.09183,1.09609,0
2024-03-08T16:00:00.000Z,1.09609,1.09613,1.09334,1.09416,0
2024-03-08T20:00:00.000Z,1.09417,1.09438,1.09345,1.09348,0
2024-03-10T20:00:00.000Z,1.09411,1.09436,1.09359,1.09426,0
2024-03-11T00:00:00.000Z,1.09427,1.09465,1.09373,1.09412,0
2024-03-11T04:00:00.000Z,1.09411,1.09473,1.09353,1.09421,0
2024-03-11T08:00:00.000Z,1.09419,1.0948,1.09329,1.09429,0
2024-03-11T12:00:00.000Z,1.09427,1.09432,1.09145,1.09272,0
2024-03-11T16:00:00.000Z,1.09273,1.09302,1.09182,1.09261,0
2024-03-11T20:00:00.000Z,1.09262,1.09309,1.09195,1.09304,0
2024-03-12T00:00:00.000Z,1.09306,1.09381,1.09267,1.09363,0
2024-03-12T04:00:00.000Z,1.09362,1.09393,1.09315,1.09319,0
2024-03-12T08:00:00.000Z,1.09318,1.09353,1.09212,1.09335,0
2024-03-12T12:00:00.000Z,1.09334,1.09438,1.09023,1.09176,0
2024-03-12T16:00:00.000Z,1.09176,1.09259,1.09127,1.09257,0
2024-03-12T20:00:00.000Z,1.09257,1.09289,1.0925,1.09267,0
2024-03-13T00:00:00.000Z,1.09268,1.09306,1.09233,1.09278,0
2024-03-13T04:00:00.000Z,1.09278,1.09318,1.09207,1.09267,0
2024-03-13T08:00:00.000Z,1.09267,1.09457,1.09201,1.0942,0
2024-03-13T12:00:00.000Z,1.09421,1.09473,1.09313,1.09435,0
2024-03-13T16:00:00.000Z,1.09434,1.09638,1.094,1.09472,0
2024-03-13T20:00:00.000Z,1.09472,1.0953,1.0947,1.0953,0
2024-03-14T00:00:00.000Z,1.09529,1.09547,1.09413,1.09422,0
2024-03-14T04:00:00.000Z,1.09421,1.0943,1.09317,1.09352,0
2024-03-14T08:00:00.000Z,1.09352,1.09454,1.09351,1.09414,0
2024-03-14T12:00:00.000Z,1.09415,1.09447,1.08829,1.08876,0
2024-03-14T16:00:00.000Z,1.08876,1.08926,1.08806,1.0891,0
2024-03-14T20:00:00.000Z,1.0891,1.08918,1.08817,1.08827,0
2024-03-15T00:00:00.000Z,1.08828,1.08845,1.0873,1.08769,0
2024-03-15T04:00:00.000Z,1.08768,1.08847,1.08732,1.08808,0
2024-03-15T08:00:00.000Z,1.08807,1.08996,1.0878,1.08935,0
2024-03-15T12:00:00.000Z,1.08935,1.08948,1.08814,1.08876,0
2024-03-15T16:00:00.000Z,1.08876,1.08913,1.08834,1.08892,0
2024-03-15T20:00:00.000Z,1.08892,1.08899,1.08861,1.08869,0
2024-03-17T20:00:00.000Z,1.08905,1.08911,1.08817,1.08835,0
2024-03-18T00:00:00.000Z,1.08836,1.08917,1.08805,1.08854,0
2024-03-18T04:00:00.000Z,1.08853,1.08965,1.08852,1.08924,0
2024-03-18T08:00:00.000Z,1.08922,1.09061,1.08908,1.09024,0
2024-03-18T12:00:00.000Z,1.09023,1.09049,1.0881,1.08853,0
2024-03-18T16:00:00.000Z,1.08853,1.08853,1.08661,1.08693,0
2024-03-18T20:00:00.000Z,1.08692,1.08739,1.08691,1.08732,0
2024-03-19T00:00:00.000Z,1.08732,1.08763,1.08667,1.08738,0
2024-03-19T04:00:00.000Z,1.08739,1.08765,1.08516,1.08547,0
2024-03-19T08:00:00.000Z,1.08546,1.08561,1.08347,1.08503,0
2024-03-19T12:00:00.000Z,1.08504,1.08654,1.08457,1.08584,0
2024-03-19T16:00:00.000Z,1.08584,1.08676,1.08545,1.08648,0
2024-03-19T20:00:00.000Z,1.08647,1.0867,1.08616,1.08616,0
2024-03-20T00:00:00.000Z,1.08617,1.08711,1.08582,1.08699,0
2024-03-20T04:00:00.000Z,1.08699,1.0872,1.08648,1.08655,0
2024-03-20T08:00:00.000Z,1.08654,1.08654,1.08364,1.08425,0
2024-03-20T12:00:00.000Z,1.08427,1.08561,1.08373,1.08546,0
2024-03-20T16:00:00.000Z,1.08546,1.09227,1.08535,1.09209,0
2024-03-20T20:00:00.000Z,1.09209,1.09374,1.09179,1.09373,0
2024-03-21T00:00:00.000Z,1.09373,1.09389,1.09307,1.0935,0
2024-03-21T04:00:00.000Z,1.09349,1.09426,1.09256,1.09287,0
2024-03-21T08:00:00.000Z,1.09283,1.09284,1.08872,1.09096,0
2024-03-21T12:00:00.000Z,1.09097,1.0917,1.08556,1.08604,0
2024-03-21T16:00:00.000Z,1.08603,1.08661,1.08554,1.08567,0
2024-03-21T20:00:00.000Z,1.08567,1.08628,1.08566,1.08618,0
2024-03-22T00:00:00.000Z,1.08622,1.08679,1.08359,1.08379,0
2024-03-22T04:00:00.000Z,1.08379,1.08419,1.08209,1.08246,0
2024-03-22T08:00:00.000Z,1.08246,1.08294,1.08081,1.0816,0
2024-03-22T12:00:00.000Z,1.08162,1.08317,1.08104,1.08158,0
2024-03-22T16:00:00.000Z,1.08157,1.0817,1.08017,1.08056,0
2024-03-22T20:00:00.000Z,1.08056,1.08096,1.08049,1.08065,0
2024-03-24T20:00:00.000Z,1.08068,1.08104,1.08046,1.08071,0
2024-03-25T00:00:00.000Z,1.08071,1.0822,1.08021,1.08135,0
2024-03-25T04:00:00.000Z,1.08134,1.08228,1.08106,1.08137,0
2024-03-25T08:00:00.000Z,1.08138,1.08295,1.08071,1.08284,0
2024-03-25T12:00:00.000Z,1.08282,1.08424,1.08279,1.08366,0
2024-03-25T16:00:00.000Z,1.08366,1.08399,1.0833,1.08391,0
2024-03-25T20:00:00.000Z,1.08393,1.08409,1.08347,1.0837,0
2024-03-26T00:00:00.000Z,1.0837,1.08454,1.08358,1.08367,0
2024-03-26T04:00:00.000Z,1.08368,1.08529,1.08364,1.08422,0
2024-03-26T08:00:00.000Z,1.08421,1.08643,1.08386,1.08568,0
2024-03-26T12:00:00.000Z,1.08569,1.08593,1.08252,1.08281,0
2024-03-26T16:00:00.000Z,1.0828,1.08357,1.08242,1.08286,0
2024-03-26T20:00:00.000Z,1.08287,1.08331,1.08284,1.08325,0
2024-03-27T00:00:00.000Z,1.08326,1.08327,1.08205,1.08261,0
2024-03-27T04:00:00.000Z,1.08262,1.08337,1.08229,1.08262,0
2024-03-27T08:00:00.000Z,1.08262,1.0839,1.0818,1.08209,0
2024-03-27T12:00:00.000Z,1.08209,1.08224,1.08108,1.08203,0
2024-03-27T16:00:00.000Z,1.08202,1.08275,1.08174,1.0827,0
2024-03-27T20:00:00.000Z,1.0827,1.0829,1.08101,1.08123,0
2024-03-28T00:00:00.000Z,1.08123,1.0826,1.0808,1.08216,0
2024-03-28T04:00:00.000Z,1.08215,1.08265,1.08003,1.08007,0
2024-03-28T08:00:00.000Z,1.08008,1.0802,1.07751,1.07839,0
2024-03-28T12:00:00.000Z,1.07839,1.08188,1.07835,1.08013,0
2024-03-28T16:00:00.000Z,1.08012,1.08052,1.07846,1.07879,0
2024-03-28T20:00:00.000Z,1.07878,1.07935,1.07849,1.07911,0
2024-03-29T00:00:00.000Z,1.07912,1.07913,1.07736,1.07743,0
2024-03-29T04:00:00.000Z,1.07743,1.07815,1.07678,1.0768,0
2024-03-29T08:00:00.000Z,1.0768,1.07916,1.07679,1.07867,0
2024-03-29T12:00:00.000Z,1.07868,1.08051,1.07796,1.07919,0
2024-03-29T16:00:00.000Z,1.0792,1.07931,1.07867,1.07904,0
2024-03-29T20:00:00.000Z,1.07904,1.07951,1.07898,1.07898,0
2024-03-31T20:00:00.000Z,1.07882,1.07965,1.07848,1.07865,0
2024-04-01T00:00:00.000Z,1.07932,1.07987,1.07848,1.07877,0
2024-04-01T04:00:00.000Z,1.07878,1.07913,1.07827,1.07865,0
2024-04-01T08:00:00.000Z,1.07865,1.07921,1.07796,1.07813,0
2024-04-01T12:00:00.000Z,1.07813,1.07875,1.07394,1.07444,0
2024-04-01T16:00:00.000Z,1.07443,1.07454,1.07309,1.07376,0
2024-04-01T20:00:00.000Z,1.07376,1.07446,1.07374,1.07398,0
2024-04-02T00:00:00.000Z,1.07398,1.07398,1.07295,1.07348,0
2024-04-02T04:00:00.000Z,1.07349,1.07362,1.07246,1.07286,0
2024-04-02T08:00:00.000Z,1.07286,1.07457,1.0726,1.07451,0
2024-04-02T12:00:00.000Z,1.07451,1.0779,1.07429,1.07657,0
2024-04-02T16:00:00.000Z,1.07658,1.07718,1.07622,1.07632,0
2024-04-02T20:00:00.000Z,1.07635,1.07734,1.07601,1.07682,0
2024-04-03T00:00:00.000Z,1.07682,1.07748,1.07658,1.07742,0
2024-04-03T04:00:00.000Z,1.07742,1.07793,1.07671,1.07692,0
2024-04-03T08:00:00.000Z,1.07693,1.07773,1.0764,1.07755,0
2024-04-03T12:00:00.000Z,1.07756,1.0824,1.0773,1.08228,0
2024-04-03T16:00:00.000Z,1.08228,1.08368,1.08193,1.08348,0
2024-04-03T20:00:00.000Z,1.08347,1.08382,1.08292,1.08376,0
2024-04-04T00:00:00.000Z,1.08376,1.08444,1.08347,1.08428,0
2024-04-04T04:00:00.000Z,1.08428,1.08464,1.08389,1.08398,0
2024-04-04T08:00:00.000Z,1.08399,1.08654,1.08391,1.08597,0
2024-04-04T12:00:00.000Z,1.08597,1.08765,1.08507,1.08676,0
2024-04-04T16:00:00.000Z,1.08675,1.08688,1.08465,1.085,0
2024-04-04T20:00:00.000Z,1.085,1.08507,1.08317,1.08363,0
2024-04-05T00:00:00.000Z,1.08365,1.08439,1.08233,1.08252,0
2024-04-05T04:00:00.000Z,1.08253,1.0833,1.08224,1.08303,0
2024-04-05T08:00:00.000Z,1.08303,1.08463,1.08302,1.08345,0
2024-04-05T12:00:00.000Z,1.08344,1.08479,1.07913,1.08186,0
2024-04-05T16:00:00.000Z,1.08184,1.08444,1.0816,1.08348,0
2024-04-05T20:00:00.000Z,1.08348,1.08376,1.0832,1.08352,0
2024-04-07T20:00:00.000Z,1.08347,1.08379,1.08272,1.0828,0
2024-04-08T00:00:00.000Z,1.08279,1.08432,1.0823,1.08406,0
2024-04-08T04:00:00.000Z,1.08406,1.08415,1.08297,1.08339,0
2024-04-08T08:00:00.000Z,1.08339,1.08377,1.08208,1.08323,0
2024-04-08T12:00:00.000Z,1.08324,1.08562,1.08215,1.08532,0
2024-04-08T16:00:00.000Z,1.08533,1.08621,1.08467,1.08572,0
2024-04-08T20:00:00.000Z,1.08571,1.08619,1.08528,1.08604,0
2024-04-09T00:00:00.000Z,1.08604,1.08635,1.08557,1.08569,0
2024-04-09T04:00:00.000Z,1.08569,1.08626,1.08512,1.08521,0
2024-04-09T08:00:00.000Z,1.08521,1.08707,1.0849,1.08689,0
2024-04-09T12:00:00.000Z,1.0869,1.0885,1.0853,1.08572,0
2024-04-09T16:00:00.000Z,1.08572,1.086,1.085,1.08529,0
2024-04-09T20:00:00.000Z,1.08529,1.08593,1.08477,1.08586,0
2024-04-10T00:00:00.000Z,1.08585,1.08597,1.08509,1.08534,0
2024-04-10T04:00:00.000Z,1.08534,1.08556,1.08477,1.08531,0
2024-04-10T08:00:00.000Z,1.08532,1.08658,1.08508,1.08644,0
2024-04-10T12:00:00.000Z,1.08643,1.08665,1.07456,1.07532,0
2024-04-10T16:00:00.000Z,1.07533,1.07547,1.07288,1.07363,0
2024-04-10T20:00:00.000Z,1.07362,1.07456,1.07357,1.07431,0
2024-04-11T00:00:00.000Z,1.0743,1.07469,1.07383,1.07454,0
2024-04-11T04:00:00.000Z,1.07454,1.07489,1.07265,1.07283,0
2024-04-11T08:00:00.000Z,1.07282,1.07498,1.07261,1.07298,0
2024-04-11T12:00:00.000Z,1.07296,1.07564,1.06992,1.07051,0
2024-04-11T16:00:00.000Z,1.07052,1.07345,1.07019,1.07255,0
2024-04-11T20:00:00.000Z,1.07254,1.0732,1.07252,1.07281,0
2024-04-12T00:00:00.000Z,1.0728,1.07282,1.07224,1.07266,0
2024-04-12T04:00:00.000Z,1.07266,1.07266,1.0681,1.06828,0
2024-04-12T08:00:00.000Z,1.06831,1.06874,1.06439,1.06469,0
2024-04-12T12:00:00.000Z,1.06468,1.06591,1.06226,1.06298,0
2024-04-12T16:00:00.000Z,1.06298,1.0651,1.06292,1.0639,0
2024-04-12T20:00:00.000Z,1.0639,1.06442,1.06371,1.06385,0
2024-04-14T20:00:00.000Z,1.06352,1.06514,1.06309,1.06497,0
2024-04-15T00:00:00.000Z,1.06497,1.06549,1.06391,1.06506,0
2024-04-15T04:00:00.000Z,1.06507,1.06648,1.0647,1.06544,0
2024-04-15T08:00:00.000Z,1.06543,1.06624,1.06499,1.06576,0
2024-04-15T12:00:00.000Z,1.06576,1.06651,1.06218,1.06267,0
2024-04-15T16:00:00.000Z,1.06268,1.06474,1.06226,1.0625,0
2024-04-15T20:00:00.000Z,1.06251,1.06278,1.06202,1.06269,0
2024-04-16T00:00:00.000Z,1.06268,1.06284,1.06061,1.06099,0
2024-04-16T04:00:00.000Z,1.06098,1.06205,1.06023,1.06103,0
2024-04-16T08:00:00.000Z,1.06102,1.06349,1.06102,1.06261,0
2024-04-16T12:00:00.000Z,1.06263,1.06535,1.06258,1.06317,0
2024-04-16T16:00:00.000Z,1.06318,1.06393,1.0601,1.0631,0
2024-04-16T20:00:00.000Z,1.06308,1.06317,1.06126,1.06194,0
2024-04-17T00:00:00.000Z,1.06195,1.06355,1.06171,1.06341,0
2024-04-17T04:00:00.000Z,1.06341,1.06378,1.0606,1.06346,0
2024-04-17T08:00:00.000Z,1.06345,1.06489,1.0624,1.06392,0
2024-04-17T12:00:00.000Z,1.0639,1.06528,1.063,1.06355,0
2024-04-17T16:00:00.000Z,1.06355,1.06796,1.06355,1.06703,0
2024-04-17T20:00:00.000Z,1.06703,1.06751,1.06643,1.06725,0
2024-04-18T00:00:00.000Z,1.06727,1.0679,1.06643,1.06778,0
2024-04-18T04:00:00.000Z,1.06778,1.069,1.06749,1.06853,0
2024-04-18T08:00:00.000Z,1.06852,1.0688,1.06699,1.06758,0
2024-04-18T12:00:00.000Z,1.06757,1.06796,1.06464,1.06538,0
2024-04-18T16:00:00.000Z,1.06537,1.06647,1.06419,1.0645,0
2024-04-18T20:00:00.000Z,1.06451,1.06481,1.06404,1.06404,0
2024-04-19T00:00:00.000Z,1.06405,1.06446,1.06104,1.06181,0
2024-04-19T04:00:00.000Z,1.06177,1.06492,1.06152,1.06448,0
2024-04-19T08:00:00.000Z,1.06449,1.06621,1.0643,1.06473,0
2024-04-19T12:00:00.000Z,1.06472,1.06775,1.06431,1.06695,0
2024-04-19T16:00:00.000Z,1.06694,1.06718,1.06401,1.06506,0
2024-04-19T20:00:00.000Z,1.06506,1.06578,1.06497,1.06526,0
2024-04-21T20:00:00.000Z,1.06495,1.06614,1.06456,1.06587,0
2024-04-22T00:00:00.000Z,1.0659,1.06706,1.06527,1.0664,0
2024-04-22T04:00:00.000Z,1.06639,1.06691,1.06604,1.0664,0
2024-04-22T08:00:00.000Z,1.06639,1.06677,1.06473,1.06505,0
2024-04-22T12:00:00.000Z,1.06505,1.06508,1.06239,1.0645,0
2024-04-22T16:00:00.000Z,1.06449,1.06607,1.06406,1.06585,0
2024-04-22T20:00:00.000Z,1.06585,1.06585,1.06504,1.06542,0
2024-04-23T00:00:00.000Z,1.06542,1.06605,1.06524,1.06583,0
2024-04-23T04:00:00.000Z,1.06586,1.06589,1.06385,1.06451,0
2024-04-23T08:00:00.000Z,1.06451,1.0695,1.06436,1.06549,0
2024-04-23T12:00:00.000Z,1.06549,1.07112,1.06547,1.06984,0
2024-04-23T16:00:00.000Z,1.06984,1.07076,1.06899,1.07038,0
2024-04-23T20:00:00.000Z,1.0704,1.07055,1.06997,1.0703,0
2024-04-24T00:00:00.000Z,1.07031,1.07142,1.06995,1.07101,0
2024-04-24T04:00:00.000Z,1.07101,1.07109,1.0692,1.06945,0
2024-04-24T08:00:00.000Z,1.06944,1.06959,1.06808,1.06883,0
2024-04-24T12:00:00.000Z,1.06883,1.07025,1.06779,1.0688,0
2024-04-24T16:00:00.000Z,1.0688,1.06975,1.06809,1.06932,0
2024-04-24T20:00:00.000Z,1.06931,1.07065,1.06921,1.06972,0
2024-04-25T00:00:00.000Z,1.06973,1.07087,1.06966,1.07073,0
2024-04-25T04:00:00.000Z,1.07072,1.07277,1.07035,1.07204,0
2024-04-25T08:00:00.000Z,1.07204,1.07297,1.07113,1.07247,0
2024-04-25T12:00:00.000Z,1.07247,1.07402,1.06783,1.07119,0
2024-04-25T16:00:00.000Z,1.07117,1.07387,1.07076,1.07273,0
2024-04-25T20:00:00.000Z,1.07273,1.07346,1.0727,1.07289,0
2024-04-26T00:00:00.000Z,1.07289,1.07302,1.07185,1.07229,0
2024-04-26T04:00:00.000Z,1.07229,1.07387,1.07186,1.07353,0
2024-04-26T08:00:00.000Z,1.07353,1.07527,1.07259,1.0728,0
2024-04-26T12:00:00.000Z,1.07278,1.07416,1.06761,1.06798,0
2024-04-26T16:00:00.000Z,1.06798,1.07056,1.06738,1.07054,0
2024-04-26T20:00:00.000Z,1.07054,1.07072,1.06908,1.06911,0
2024-04-28T20:00:00.000Z,1.06898,1.07037,1.06898,1.07018,0
2024-04-29T00:00:00.000Z,1.07018,1.07199,1.07003,1.07175,0
2024-04-29T04:00:00.000Z,1.07175,1.07337,1.07146,1.07154,0
2024-04-29T08:00:00.000Z,1.07154,1.07254,1.06973,1.07174,0
2024-04-29T12:00:00.000Z,1.07174,1.07271,1.06902,1.07127,0
2024-04-29T16:00:00.000Z,1.07128,1.07295,1.0712,1.07245,0
2024-04-29T20:00:00.000Z,1.07244,1.07244,1.07151,1.07173,0
2024-04-30T00:00:00.000Z,1.07173,1.07191,1.07031,1.07065,0
2024-04-30T04:00:00.000Z,1.07066,1.07073,1.06899,1.07047,0
2024-04-30T08:00:00.000Z,1.07048,1.07353,1.06929,1.07281,0
2024-04-30T12:00:00.000Z,1.0728,1.07281,1.0687,1.06909,0
2024-04-30T16:00:00.000Z,1.0691,1.0699,1.06752,1.06779,0
2024-04-30T20:00:00.000Z,1.06781,1.06806,1.06635,1.06674,0
2024-05-01T00:00:00.000Z,1.06674,1.06675,1.06572,1.06588,0
2024-05-01T04:00:00.000Z,1.06587,1.0659,1.06494,1.06516,0
2024-05-01T08:00:00.000Z,1.06515,1.06732,1.06515,1.06689,0
2024-05-01T12:00:00.000Z,1.06688,1.06913,1.06671,1.0683,0
2024-05-01T16:00:00.000Z,1.06832,1.07326,1.06707,1.07283,0
2024-05-01T20:00:00.000Z,1.07282,1.07302,1.06867,1.07165,0
2024-05-02T00:00:00.000Z,1.07164,1.07207,1.07069,1.07186,0
2024-05-02T04:00:00.000Z,1.07188,1.07273,1.07122,1.07175,0
2024-05-02T08:00:00.000Z,1.07175,1.07281,1.06957,1.07038,0
2024-05-02T12:00:00.000Z,1.0704,1.07122,1.06742,1.06882,0
2024-05-02T16:00:00.000Z,1.06882,1.07302,1.06858,1.07302,0
2024-05-02T20:00:00.000Z,1.07302,1.07302,1.07227,1.07287,0
2024-05-03T00:00:00.000Z,1.07287,1.07393,1.07243,1.07333,0
2024-05-03T04:00:00.000Z,1.07332,1.0738,1.07296,1.07298,0
2024-05-03T08:00:00.000Z,1.07298,1.07477,1.07244,1.07431,0
2024-05-03T12:00:00.000Z,1.07431,1.08124,1.07425,1.07657,0
2024-05-03T16:00:00.000Z,1.07658,1.078,1.07592,1.07673,0
2024-05-03T20:00:00.000Z,1.07673,1.07693,1.07594,1.07594,0
2024-05-05T20:00:00.000Z,1.076,1.07646,1.076,1.07623,0
2024-05-06T00:00:00.000Z,1.07623,1.07715,1.07553,1.07653,0
2024-05-06T04:00:00.000Z,1.07653,1.07668,1.07593,1.07623,0
2024-05-06T08:00:00.000Z,1.07624,1.07761,1.07576,1.07721,0
2024-05-06T12:00:00.000Z,1.07719,1.07907,1.07688,1.07802,0
2024-05-06T16:00:00.000Z,1.07801,1.07801,1.07712,1.07745,0
2024-05-06T20:00:00.000Z,1.07746,1.07748,1.07656,1.07685,0
2024-05-07T00:00:00.000Z,1.07686,1.07768,1.07607,1.07637,0
2024-05-07T04:00:00.000Z,1.07636,1.07694,1.07542,1.07636,0
2024-05-07T08:00:00.000Z,1.07637,1.07696,1.07552,1.07688,0
2024-05-07T12:00:00.000Z,1.07691,1.07873,1.07626,1.07778,0
2024-05-07T16:00:00.000Z,1.07777,1.07828,1.07478,1.07513,0
2024-05-07T20:00:00.000Z,1.07513,1.07576,1.07507,1.0751,0
2024-05-08T00:00:00.000Z,1.07511,1.07541,1.0738,1.07412,0
2024-05-08T04:00:00.000Z,1.07412,1.0749,1.07386,1.07447,0
2024-05-08T08:00:00.000Z,1.07447,1.07533,1.0735,1.07488,0
2024-05-08T12:00:00.000Z,1.07489,1.07548,1.07397,1.07491,0
2024-05-08T16:00:00.000Z,1.07491,1.07574,1.07409,1.07452,0
2024-05-08T20:00:00.000Z,1.07451,1.07505,1.07431,1.07488,0
2024-05-09T00:00:00.000Z,1.07492,1.07494,1.07423,1.07474,0
2024-05-09T04:00:00.000Z,1.07474,1.07515,1.0736,1.07374,0
2024-05-09T08:00:00.000Z,1.07373,1.07412,1.0726,1.07347,0
2024-05-09T12:00:00.000Z,1.07346,1.07801,1.07239,1.07756,0
2024-05-09T16:00:00.000Z,1.07757,1.07826,1.07691,1.07818,0
2024-05-09T20:00:00.000Z,1.07816,1.07858,1.078,1.07844,0
2024-05-10T00:00:00.000Z,1.07848,1.07852,1.07731,1.0774,0
2024-05-10T04:00:00.000Z,1.07742,1.07832,1.07715,1.07768,0
2024-05-10T08:00:00.000Z,1.07769,1.07866,1.07754,1.07784,0
2024-05-10T12:00:00.000Z,1.07784,1.079,1.07603,1.07639,0
2024-05-10T16:00:00.000Z,1.0764,1.07793,1.07624,1.07736,0
2024-05-10T20:00:00.000Z,1.07735,1.07757,1.07684,1.07694,0
2024-05-12T20:00:00.000Z,1.07721,1.07731,1.07663,1.07728,0
2024-05-13T00:00:00.000Z,1.07729,1.07752,1.07658,1.07712,0
2024-05-13T04:00:00.000Z,1.07713,1.07757,1.07687,1.077,0
2024-05-13T08:00:00.000Z,1.077,1.07888,1.07691,1.07817,0
2024-05-13T12:00:00.000Z,1.07816,1.08068,1.07812,1.08038,0
2024-05-13T16:00:00.000Z,1.08038,1.08042,1.07869,1.07896,0
2024-05-13T20:00:00.000Z,1.07895,1.07906,1.07859,1.07898,0
2024-05-14T00:00:00.000Z,1.07899,1.07935,1.07843,1.07867,0
2024-05-14T04:00:00.000Z,1.07867,1.07893,1.07828,1.07876,0
2024-05-14T08:00:00.000Z,1.07877,1.07987,1.07753,1.07962,0
2024-05-14T12:00:00.000Z,1.07964,1.08256,1.07669,1.08246,0
2024-05-14T16:00:00.000Z,1.08248,1.0825,1.08137,1.08198,0
2024-05-14T20:00:00.000Z,1.08199,1.08217,1.0816,1.08166,0
2024-05-15T00:00:00.000Z,1.08166,1.08266,1.0813,1.08252,0
2024-05-15T04:00:00.000Z,1.08253,1.08307,1.08205,1.08304,0
2024-05-15T08:00:00.000Z,1.08305,1.08345,1.08234,1.08246,0
2024-05-15T12:00:00.000Z,1.08245,1.08695,1.08218,1.08575,0
2024-05-15T16:00:00.000Z,1.08575,1.08805,1.08557,1.08783,0
2024-05-15T20:00:00.000Z,1.08782,1.08899,1.08776,1.0889,0
2024-05-16T00:00:00.000Z,1.08894,1.08949,1.08814,1.08871,0
2024-05-16T04:00:00.000Z,1.0887,1.08892,1.08745,1.08763,0
2024-05-16T08:00:00.000Z,1.08764,1.08818,1.08662,1.08722,0
2024-05-16T12:00:00.000Z,1.08723,1.08747,1.08544,1.08701,0
2024-05-16T16:00:00.000Z,1.08701,1.08757,1.08658,1.08709,0
2024-05-16T20:00:00.000Z,1.08708,1.08708,1.08637,1.08676,0
2024-05-17T00:00:00.000Z,1.08676,1.08688,1.08543,1.0857,0
2024-05-17T04:00:00.000Z,1.08571,1.08667,1.08554,1.08626,0
2024-05-17T08:00:00.000Z,1.08626,1.08683,1.0836,1.08383,0
2024-05-17T12:00:00.000Z,1.08382,1.08772,1.08356,1.08764,0
2024-05-17T16:00:00.000Z,1.08764,1.08784,1.08651,1.08756,0
2024-05-17T20:00:00.000Z,1.08755,1.08762,1.08674,1.08674,0
2024-05-19T20:00:00.000Z,1.08664,1.08729,1.0864,1.08704,0
2024-05-20T00:00:00.000Z,1.08707,1.08771,1.08689,1.0874,0
2024-05-20T04:00:00.000Z,1.08741,1.08844,1.08727,1.08781,0
2024-05-20T08:00:00.000Z,1.08781,1.08808,1.08664,1.08706,0
2024-05-20T12:00:00.000Z,1.08707,1.08716,1.0854,1.08649,0
2024-05-20T16:00:00.000Z,1.08649,1.08706,1.08579,1.0865,0
2024-05-20T20:00:00.000Z,1.08649,1.0865,1.08553,1.08588,0
2024-05-21T00:00:00.000Z,1.08587,1.08618,1.08509,1.08555,0
2024-05-21T04:00:00.000Z,1.08554,1.08635,1.08539,1.08614,0
2024-05-21T08:00:00.000Z,1.08616,1.08747,1.08593,1.08666,0
2024-05-21T12:00:00.000Z,1.08667,1.08706,1.08425,1.08593,0
2024-05-21T16:00:00.000Z,1.08594,1.08611,1.08463,1.08519,0
2024-05-21T20:00:00.000Z,1.0852,1.08574,1.08508,1.08571,0
2024-05-22T00:00:00.000Z,1.08572,1.08633,1.08538,1.08589,0
2024-05-22T04:00:00.000Z,1.0859,1.08632,1.0852,1.08612,0
2024-05-22T08:00:00.000Z,1.08613,1.08633,1.08368,1.08375,0
2024-05-22T12:00:00.000Z,1.08375,1.08408,1.08219,1.08334,0
2024-05-22T16:00:00.000Z,1.08335,1.08469,1.08177,1.08213,0
2024-05-22T20:00:00.000Z,1.08213,1.0826,1.08174,1.08251,0
2024-05-23T00:00:00.000Z,1.08251,1.083,1.08219,1.08283,0
2024-05-23T04:00:00.000Z,1.08284,1.08323,1.08214,1.08269,0
2024-05-23T08:00:00.000Z,1.08269,1.08483,1.08124,1.08452,0
2024-05-23T12:00:00.000Z,1.08454,1.0861,1.08232,1.08244,0
2024-05-23T16:00:00.000Z,1.08246,1.08311,1.08048,1.08053,0
2024-05-23T20:00:00.000Z,1.08052,1.08158,1.08048,1.08131,0
2024-05-24T00:00:00.000Z,1.08131,1.08149,1.0807,1.08088,0
2024-05-24T04:00:00.000Z,1.08088,1.0818,1.08054,1.08128,0
2024-05-24T08:00:00.000Z,1.08129,1.08441,1.08129,1.08402,0
2024-05-24T12:00:00.000Z,1.08401,1.08537,1.08344,1.0846,0
2024-05-24T16:00:00.000Z,1.08459,1.08578,1.08456,1.08496,0
2024-05-24T20:00:00.000Z,1.08495,1.085,1.08442,1.0846,0
2024-05-26T20:00:00.000Z,1.0845,1.08513,1.0843,1.08504,0
2024-05-27T00:00:00.000Z,1.08503,1.08519,1.0846,1.08499,0
2024-05-27T04:00:00.000Z,1.08499,1.08517,1.08442,1.08512,0
2024-05-27T08:00:00.000Z,1.08511,1.08674,1.0845,1.08628,0
2024-05-27T12:00:00.000Z,1.08626,1.08641,1.08405,1.08583,0
2024-05-27T16:00:00.000Z,1.08582,1.08619,1.08562,1.08574,0
2024-05-27T20:00:00.000Z,1.08573,1.08607,1.08521,1.08596,0
2024-05-28T00:00:00.000Z,1.08596,1.08768,1.08588,1.08758,0
2024-05-28T04:00:00.000Z,1.08758,1.088,1.08726,1.08754,0
2024-05-28T08:00:00.000Z,1.08753,1.08797,1.0867,1.08782,0
2024-05-28T12:00:00.000Z,1.08783,1.0889,1.08578,1.08749,0
2024-05-28T16:00:00.000Z,1.08749,1.08796,1.08551,1.08583,0
2024-05-28T20:00:00.000Z,1.08584,1.08619,1.08541,1.08564,0
2024-05-29T00:00:00.000Z,1.08565,1.08569,1.08459,1.08462,0
2024-05-29T04:00:00.000Z,1.08462,1.08555,1.08439,1.08521,0
2024-05-29T08:00:00.000Z,1.08521,1.08588,1.08291,1.08467,0
2024-05-29T12:00:00.000Z,1.08466,1.08585,1.08111,1.08146,0
2024-05-29T16:00:00.000Z,1.08145,1.08173,1.08048,1.08059,0
2024-05-29T20:00:00.000Z,1.0806,1.08062,1.07999,1.08009,0
2024-05-30T00:00:00.000Z,1.0801,1.08044,1.07938,1.07974,0
2024-05-30T04:00:00.000Z,1.07974,1.07988,1.07883,1.07955,0
2024-05-30T08:00:00.000Z,1.07956,1.08198,1.07931,1.08174,0
2024-05-30T12:00:00.000Z,1.08175,1.08443,1.08129,1.08407,0
2024-05-30T16:00:00.000Z,1.08407,1.08451,1.08352,1.08368,0
2024-05-30T20:00:00.000Z,1.08367,1.08367,1.08268,1.08334,0
2024-05-31T00:00:00.000Z,1.08333,1.08335,1.08114,1.08114,0
2024-05-31T04:00:00.000Z,1.08113,1.08255,1.08112,1.0824,0
2024-05-31T08:00:00.000Z,1.08238,1.08515,1.08167,1.08497,0
2024-05-31T12:00:00.000Z,1.08497,1.08822,1.08481,1.08555,0
2024-05-31T16:00:00.000Z,1.08556,1.08589,1.08397,1.08425,0
2024-05-31T20:00:00.000Z,1.08424,1.08521,1.08405,1.0845,0
2024-06-02T20:00:00.000Z,1.08462,1.08544,1.08453,1.08511,0
2024-06-03T00:00:00.000Z,1.08512,1.08587,1.08502,1.08539,0
2024-06-03T04:00:00.000Z,1.08539,1.08586,1.08467,1.08564,0
2024-06-03T08:00:00.000Z,1.08563,1.08587,1.08278,1.0837,0
2024-06-03T12:00:00.000Z,1.0837,1.08825,1.0837,1.08699,0
2024-06-03T16:00:00.000Z,1.087,1.08976,1.08696,1.08972,0
2024-06-03T20:00:00.000Z,1.08971,1.09098,1.0896,1.09071,0
2024-06-04T00:00:00.000Z,1.0907,1.0916,1.09051,1.09076,0
2024-06-04T04:00:00.000Z,1.09076,1.09108,1.08963,1.08971,0
2024-06-04T08:00:00.000Z,1.0897,1.08985,1.08631,1.08663,0
2024-06-04T12:00:00.000Z,1.08662,1.08822,1.0859,1.08802,0
2024-06-04T16:00:00.000Z,1.08802,1.08877,1.08749,1.08821,0
2024-06-04T20:00:00.000Z,1.0882,1.08826,1.08778,1.08795,0
2024-06-05T00:00:00.000Z,1.08795,1.0886,1.08783,1.08832,0
2024-06-05T04:00:00.000Z,1.08833,1.08836,1.08721,1.08759,0
2024-06-05T08:00:00.000Z,1.08758,1.08794,1.08649,1.08685,0
2024-06-05T12:00:00.000Z,1.08683,1.08915,1.08599,1.08662,0
2024-06-05T16:00:00.000Z,1.08663,1.08773,1.08544,1.08756,0
2024-06-05T20:00:00.000Z,1.08756,1.08765,1.08679,1.08728,0
2024-06-06T00:00:00.000Z,1.08727,1.08957,1.08726,1.08919,0
2024-06-06T04:00:00.000Z,1.08918,1.08934,1.0877,1.08839,0
2024-06-06T08:00:00.000Z,1.08839,1.08882,1.08711,1.08762,0
2024-06-06T12:00:00.000Z,1.08764,1.0902,1.08619,1.0878,0
2024-06-06T16:00:00.000Z,1.0878,1.08942,1.08775,1.08929,0
2024-06-06T20:00:00.000Z,1.0893,1.08941,1.08873,1.08918,0
2024-06-07T00:00:00.000Z,1.08921,1.08978,1.08867,1.08969,0
2024-06-07T04:00:00.000Z,1.08969,1.08977,1.0888,1.08922,0
2024-06-07T08:00:00.000Z,1.08921,1.08983,1.08831,1.08886,0
2024-06-07T12:00:00.000Z,1.08886,1.09018,1.08103,1.08125,0
2024-06-07T16:00:00.000Z,1.08125,1.08129,1.08008,1.08054,0
2024-06-07T20:00:00.000Z,1.08053,1.08071,1.07993,1.08017,0
2024-06-09T20:00:00.000Z,1.07783,1.07789,1.07644,1.07771,0
2024-06-10T00:00:00.000Z,1.07773,1.07814,1.07667,1.07675,0
2024-06-10T04:00:00.000Z,1.07675,1.07683,1.07479,1.07518,0
2024-06-10T08:00:00.000Z,1.07517,1.07681,1.07327,1.07369,0
2024-06-10T12:00:00.000Z,1.07368,1.07603,1.07337,1.07337,0
2024-06-10T16:00:00.000Z,1.07337,1.07623,1.07332,1.07616,0
2024-06-10T20:00:00.000Z,1.07616,1.07681,1.07594,1.07652,0
2024-06-11T00:00:00.000Z,1.07652,1.07688,1.07612,1.07678,0
2024-06-11T04:00:00.000Z,1.07678,1.07734,1.07642,1.07681,0
2024-06-11T08:00:00.000Z,1.0768,1.07694,1.07365,1.07409,0
2024-06-11T12:00:00.000Z,1.07411,1.07415,1.07194,1.07224,0
2024-06-11T16:00:00.000Z,1.07223,1.07452,1.0722,1.07436,0
2024-06-11T20:00:00.000Z,1.07435,1.07493,1.0739,1.07407,0
2024-06-12T00:00:00.000Z,1.07408,1.07426,1.07346,1.07418,0
2024-06-12T04:00:00.000Z,1.07418,1.0747,1.0736,1.07414,0
2024-06-12T08:00:00.000Z,1.07415,1.07601,1.07355,1.07586,0
2024-06-12T12:00:00.000Z,1.07587,1.08495,1.07572,1.0848,0
2024-06-12T16:00:00.000Z,1.0848,1.08521,1.08076,1.08117,0
2024-06-12T20:00:00.000Z,1.08116,1.08181,1.08036,1.08109,0
2024-06-13T00:00:00.000Z,1.08108,1.08157,1.08038,1.0808,0
2024-06-13T04:00:00.000Z,1.08079,1.08091,1.08004,1.08021,0
2024-06-13T08:00:00.000Z,1.0802,1.08163,1.07931,1.07942,0
2024-06-13T12:00:00.000Z,1.07941,1.08162,1.0763,1.07714,0
2024-06-13T16:00:00.000Z,1.07714,1.07722,1.07328,1.07393,0
2024-06-13T20:00:00.000Z,1.07392,1.07432,1.07335,1.07386,0
2024-06-14T00:00:00.000Z,1.07387,1.07436,1.07353,1.0743,0
2024-06-14T04:00:00.000Z,1.07428,1.07449,1.07157,1.07249,0
2024-06-14T08:00:00.000Z,1.07248,1.07271,1.06717,1.06978,0
2024-06-14T12:00:00.000Z,1.06978,1.07058,1.06676,1.0687,0
2024-06-14T16:00:00.000Z,1.0687,1.07045,1.06834,1.06995,0
2024-06-14T20:00:00.000Z,1.06995,1.07075,1.06975,1.07025,0
2024-06-16T20:00:00.000Z,1.07028,1.07089,1.06995,1.07065,0
2024-06-17T00:00:00.000Z,1.07067,1.07073,1.06989,1.0704,0
2024-06-17T04:00:00.000Z,1.07039,1.07054,1.06863,1.06976,0
2024-06-17T08:00:00.000Z,1.06977,1.07146,1.06921,1.07101,0
2024-06-17T12:00:00.000Z,1.071,1.07207,1.0707,1.07161,0
2024-06-17T16:00:00.000Z,1.07159,1.07378,1.07152,1.07361,0
2024-06-17T20:00:00.000Z,1.07362,1.074,1.07302,1.07376,0
2024-06-18T00:00:00.000Z,1.07376,1.0741,1.07241,1.07243,0
2024-06-18T04:00:00.000Z,1.07242,1.07336,1.07182,1.07331,0
2024-06-18T08:00:00.000Z,1.0733,1.07351,1.07149,1.07178,0
2024-06-18T12:00:00.000Z,1.0718,1.07615,1.07099,1.07382,0
2024-06-18T16:00:00.000Z,1.07383,1.07433,1.07321,1.07397,0
2024-06-18T20:00:00.000Z,1.07395,1.07411,1.07359,1.07406,0
2024-06-19T00:00:00.000Z,1.07408,1.07423,1.07353,1.07386,0
2024-06-19T04:00:00.000Z,1.07386,1.07414,1.07276,1.07312,0
2024-06-19T08:00:00.000Z,1.0731,1.07522,1.07248,1.075,0
2024-06-19T12:00:00.000Z,1.07502,1.07533,1.07408,1.07481,0
2024-06-19T16:00:00.000Z,1.07482,1.07494,1.07412,1.07431,0
2024-06-19T20:00:00.000Z,1.07431,1.07466,1.07412,1.07458,0
2024-06-20T00:00:00.000Z,1.07458,1.07487,1.07388,1.07394,0
2024-06-20T04:00:00.000Z,1.07394,1.07449,1.07305,1.07327,0
2024-06-20T08:00:00.000Z,1.07326,1.07362,1.07126,1.07285,0
2024-06-20T12:00:00.000Z,1.07287,1.07321,1.07128,1.07217,0
2024-06-20T16:00:00.000Z,1.07217,1.07225,1.07033,1.07103,0
2024-06-20T20:00:00.000Z,1.07103,1.07111,1.07012,1.07023,0
2024-06-21T00:00:00.000Z,1.07023,1.07175,1.07019,1.07168,0
2024-06-21T04:00:00.000Z,1.07167,1.07205,1.07083,1.07099,0
2024-06-21T08:00:00.000Z,1.071,1.07102,1.0671,1.06808,0
2024-06-21T12:00:00.000Z,1.06809,1.06977,1.06779,1.06814,0
2024-06-21T16:00:00.000Z,1.06815,1.06967,1.06804,1.06948,0
2024-06-21T20:00:00.000Z,1.06947,1.06968,1.06909,1.06918,0
2024-06-23T20:00:00.000Z,1.06849,1.06937,1.06849,1.06937,0
2024-06-24T00:00:00.000Z,1.06938,1.06955,1.06837,1.06892,0
2024-06-24T04:00:00.000Z,1.06893,1.07072,1.06891,1.07032,0
2024-06-24T08:00:00.000Z,1.07031,1.07307,1.07023,1.07301,0
2024-06-24T12:00:00.000Z,1.073,1.07463,1.07262,1.07299,0
2024-06-24T16:00:00.000Z,1.073,1.07375,1.0722,1.07355,0
2024-06-24T20:00:00.000Z,1.07355,1.07382,1.07313,1.07328,0
2024-06-25T00:00:00.000Z,1.07329,1.07369,1.07308,1.07369,0
2024-06-25T04:00:00.000Z,1.07369,1.07441,1.07313,1.07318,0
2024-06-25T08:00:00.000Z,1.07317,1.07358,1.07208,1.07233,0
2024-06-25T12:00:00.000Z,1.07232,1.07242,1.06906,1.07005,0
2024-06-25T16:00:00.000Z,1.07006,1.07172,1.07005,1.0716,0
2024-06-25T20:00:00.000Z,1.0716,1.07175,1.07072,1.07123,0
2024-06-26T00:00:00.000Z,1.07124,1.07179,1.07061,1.071,0
2024-06-26T04:00:00.000Z,1.07099,1.07125,1.06937,1.06948,0
2024-06-26T08:00:00.000Z,1.06948,1.06998,1.0682,1.06849,0
2024-06-26T12:00:00.000Z,1.06849,1.06958,1.0666,1.06801,0
2024-06-26T16:00:00.000Z,1.068,1.06908,1.06743,1.06799,0
2024-06-26T20:00:00.000Z,1.06798,1.0682,1.0675,1.06804,0
2024-06-27T00:00:00.000Z,1.06806,1.06915,1.0677,1.06892,0
2024-06-27T04:00:00.000Z,1.06892,1.06989,1.06881,1.0693,0
2024-06-27T08:00:00.000Z,1.06929,1.07043,1.06805,1.07036,0
2024-06-27T12:00:00.000Z,1.07037,1.07264,1.06926,1.07125,0
2024-06-27T16:00:00.000Z,1.07125,1.0713,1.07003,1.07055,0
2024-06-27T20:00:00.000Z,1.07057,1.07072,1.07012,1.07038,0
2024-06-28T00:00:00.000Z,1.07039,1.07108,1.06852,1.06939,0
2024-06-28T04:00:00.000Z,1.06939,1.06982,1.06856,1.06968,0
2024-06-28T08:00:00.000Z,1.06968,1.07102,1.06917,1.07094,0
2024-06-28T12:00:00.000Z,1.07092,1.07221,1.0692,1.07183,0
2024-06-28T16:00:00.000Z,1.07184,1.07246,1.07095,1.07117,0
2024-06-28T20:00:00.000Z,1.07119,1.07145,1.07061,1.07119,0
2024-06-30T20:00:00.000Z,1.07438,1.07455,1.0732,1.07367,0
2024-07-01T00:00:00.000Z,1.0737,1.07615,1.07339,1.07549,0
2024-07-01T04:00:00.000Z,1.07549,1.07763,1.07515,1.07697,0
2024-07-01T08:00:00.000Z,1.07699,1.07725,1.07473,1.07485,0
2024-07-01T12:00:00.000Z,1.07487,1.07697,1.07284,1.07301,0
2024-07-01T16:00:00.000Z,1.07302,1.07333,1.07197,1.07295,0
2024-07-01T20:00:00.000Z,1.07295,1.07426,1.07293,1.07372,0
2024-07-02T00:00:00.000Z,1.07371,1.07385,1.07318,1.07351,0
2024-07-02T04:00:00.000Z,1.0735,1.07357,1.07249,1.0725,0
2024-07-02T08:00:00.000Z,1.07249,1.07281,1.071,1.07171,0
2024-07-02T12:00:00.000Z,1.07172,1.07469,1.07149,1.07432,0
2024-07-02T16:00:00.000Z,1.07432,1.07446,1.07306,1.07421,0
2024-07-02T20:00:00.000Z,1.0742,1.07489,1.07408,1.07488,0
2024-07-03T00:00:00.000Z,1.07488,1.07542,1.07404,1.07439,0
2024-07-03T04:00:00.000Z,1.07436,1.07482,1.07363,1.07469,0
2024-07-03T08:00:00.000Z,1.0747,1.07635,1.07468,1.07583,0
2024-07-03T12:00:00.000Z,1.07583,1.08168,1.07549,1.08059,0
2024-07-03T16:00:00.000Z,1.08058,1.08091,1.07781,1.07801,0
2024-07-03T20:00:00.000Z,1.07804,1.07901,1.07797,1.07895,0
2024-07-04T00:00:00.000Z,1.07896,1.07949,1.07863,1.07863,0
2024-07-04T04:00:00.000Z,1.07864,1.07935,1.07836,1.07926,0
2024-07-04T08:00:00.000Z,1.07925,1.0803,1.07889,1.0801,0
2024-07-04T12:00:00.000Z,1.08009,1.08092,1.07948,1.08083,0
2024-07-04T16:00:00.000Z,1.08083,1.08138,1.08069,1.0812,0
2024-07-04T20:00:00.000Z,1.08119,1.0814,1.081,1.08116,0
2024-07-05T00:00:00.000Z,1.08117,1.0818,1.08093,1.08179,0
2024-07-05T04:00:00.000Z,1.08179,1.08258,1.08179,1.08192,0
2024-07-05T08:00:00.000Z,1.08191,1.08319,1.08164,1.08246,0
2024-07-05T12:00:00.000Z,1.08247,1.08423,1.07993,1.08241,0
2024-07-05T16:00:00.000Z,1.08241,1.08374,1.08193,1.0837,0
2024-07-05T20:00:00.000Z,1.08369,1.08426,1.08363,1.0837,0
2024-07-07T20:00:00.000Z,1.08014,1.08329,1.07998,1.08244,0
2024-07-08T00:00:00.000Z,1.08245,1.083,1.0819,1.08259,0
2024-07-08T04:00:00.000Z,1.0826,1.08363,1.08146,1.08216,0
2024-07-08T08:00:00.000Z,1.08218,1.0843,1.08208,1.08298,0
2024-07-08T12:00:00.000Z,1.08297,1.0845,1.08267,1.08347,0
2024-07-08T16:00:00.000Z,1.08347,1.08361,1.08234,1.08259,0
2024-07-08T20:00:00.000Z,1.0826,1.08265,1.08223,1.08256,0
2024-07-09T00:00:00.000Z,1.08258,1.08333,1.08192,1.08264,0
2024-07-09T04:00:00.000Z,1.08264,1.08311,1.08239,1.08247,0
2024-07-09T08:00:00.000Z,1.08247,1.08298,1.08151,1.08222,0
2024-07-09T12:00:00.000Z,1.08221,1.08282,1.08093,1.08156,0
2024-07-09T16:00:00.000Z,1.08156,1.08192,1.08054,1.08133,0
2024-07-09T20:00:00.000Z,1.08134,1.08165,1.08109,1.08144,0
2024-07-10T00:00:00.000Z,1.08144,1.08168,1.08108,1.08167,0
2024-07-10T04:00:00.000Z,1.08168,1.08233,1.08147,1.0822,0
2024-07-10T08:00:00.000Z,1.08219,1.08251,1.08118,1.08216,0
2024-07-10T12:00:00.000Z,1.08217,1.08288,1.08198,1.08232,0
2024-07-10T16:00:00.000Z,1.08233,1.08285,1.08173,1.0825,0
2024-07-10T20:00:00.000Z,1.08249,1.08332,1.08237,1.08327,0
2024-07-11T00:00:00.000Z,1.08328,1.084,1.0831,1.08371,0
2024-07-11T04:00:00.000Z,1.08372,1.08396,1.08322,1.0834,0
2024-07-11T08:00:00.000Z,1.0834,1.08526,1.08324,1.08487,0
2024-07-11T12:00:00.000Z,1.08486,1.08999,1.08443,1.08784,0
2024-07-11T16:00:00.000Z,1.08784,1.08807,1.08597,1.08679,0
2024-07-11T20:00:00.000Z,1.0868,1.08698,1.08614,1.08662,0
2024-07-12T00:00:00.000Z,1.08663,1.08744,1.08634,1.08657,0
2024-07-12T04:00:00.000Z,1.08656,1.08724,1.08632,1.08649,0
2024-07-12T08:00:00.000Z,1.0865,1.08919,1.08617,1.08899,0
2024-07-12T12:00:00.000Z,1.08899,1.09094,1.08734,1.09092,0
2024-07-12T16:00:00.000Z,1.09092,1.09109,1.09005,1.09061,0
2024-07-12T20:00:00.000Z,1.0906,1.09113,1.09039,1.09054,0
2024-07-14T20:00:00.000Z,1.08852,1.0895,1.08818,1.08869,0
2024-07-15T00:00:00.000Z,1.0887,1.08918,1.08832,1.08917,0
2024-07-15T04:00:00.000Z,1.08917,1.0896,1.08862,1.08894,0
2024-07-15T08:00:00.000Z,1.08895,1.09203,1.08837,1.09097,0
2024-07-15T12:00:00.000Z,1.09097,1.09177,1.0902,1.0917,0
2024-07-15T16:00:00.000Z,1.09171,1.09222,1.08932,1.09014,0
2024-07-15T20:00:00.000Z,1.09013,1.09013,1.08935,1.08944,0
2024-07-16T00:00:00.000Z,1.08943,1.08985,1.08887,1.08909,0
2024-07-16T04:00:00.000Z,1.08908,1.08945,1.08836,1.08885,0
2024-07-16T08:00:00.000Z,1.08884,1.09041,1.08884,1.08989,0
2024-07-16T12:00:00.000Z,1.0899,1.09054,1.08715,1.08785,0
2024-07-16T16:00:00.000Z,1.08786,1.08973,1.08783,1.08959,0
2024-07-16T20:00:00.000Z,1.08959,1.09029,1.08953,1.09019,0
2024-07-17T00:00:00.000Z,1.0902,1.09068,1.08955,1.09042,0
2024-07-17T04:00:00.000Z,1.09043,1.09068,1.08975,1.08975,0
2024-07-17T08:00:00.000Z,1.08974,1.0945,1.0895,1.09307,0
2024-07-17T12:00:00.000Z,1.09306,1.0948,1.09289,1.09325,0
2024-07-17T16:00:00.000Z,1.09323,1.09394,1.09237,1.09368,0
2024-07-17T20:00:00.000Z,1.09367,1.09401,1.09347,1.09395,0
2024-07-18T00:00:00.000Z,1.09394,1.0941,1.09321,1.0935,0
2024-07-18T04:00:00.000Z,1.0935,1.09382,1.09275,1.09311,0
2024-07-18T08:00:00.000Z,1.09311,1.09388,1.09261,1.0933,0
2024-07-18T12:00:00.000Z,1.09329,1.09369,1.0905,1.09148,0
2024-07-18T16:00:00.000Z,1.09147,1.09183,1.08956,1.08989,0
2024-07-18T20:00:00.000Z,1.08988,1.09001,1.08935,1.08974,0
2024-07-19T00:00:00.000Z,1.08976,1.09017,1.08863,1.0892,0
2024-07-19T04:00:00.000Z,1.0892,1.08922,1.08833,1.08851,0
2024-07-19T08:00:00.000Z,1.08849,1.08905,1.08761,1.08841,0
2024-07-19T12:00:00.000Z,1.08841,1.08941,1.08792,1.08896,0
2024-07-19T16:00:00.000Z,1.08897,1.08911,1.08756,1.08786,0
2024-07-19T20:00:00.000Z,1.08786,1.08836,1.08769,1.08779,0
2024-07-21T20:00:00.000Z,1.08861,1.09001,1.08807,1.08997,0
2024-07-22T00:00:00.000Z,1.08997,1.09027,1.08846,1.08927,0
2024-07-22T04:00:00.000Z,1.08926,1.08937,1.08788,1.08809,0
2024-07-22T08:00:00.000Z,1.0881,1.08953,1.08804,1.08894,0
2024-07-22T12:00:00.000Z,1.08894,1.08911,1.0873,1.08845,0
2024-07-22T16:00:00.000Z,1.08846,1.08917,1.08766,1.08894,0
2024-07-22T20:00:00.000Z,1.08896,1.08933,1.08858,1.08909,0
2024-07-23T00:00:00.000Z,1.08909,1.08939,1.0887,1.08919,0
2024-07-23T04:00:00.000Z,1.08919,1.08967,1.08793,1.08848,0
2024-07-23T08:00:00.000Z,1.08848,1.08886,1.08564,1.08614,0
2024-07-23T12:00:00.000Z,1.08614,1.08684,1.08438,1.08447,0
2024-07-23T16:00:00.000Z,1.08447,1.08578,1.08446,1.08522,0
2024-07-23T20:00:00.000Z,1.08522,1.08563,1.08491,1.08508,0
2024-07-24T00:00:00.000Z,1.08509,1.0852,1.08416,1.08428,0
2024-07-24T04:00:00.000Z,1.08429,1.08532,1.08424,1.08432,0
2024-07-24T08:00:00.000Z,1.0843,1.08537,1.08256,1.08426,0
2024-07-24T12:00:00.000Z,1.08425,1.08664,1.08385,1.08536,0
2024-07-24T16:00:00.000Z,1.08539,1.08576,1.08367,1.08375,0
2024-07-24T20:00:00.000Z,1.08374,1.08425,1.08359,1.08393,0
2024-07-25T00:00:00.000Z,1.08394,1.08428,1.08349,1.08395,0
2024-07-25T04:00:00.000Z,1.08394,1.08454,1.08334,1.08347,0
2024-07-25T08:00:00.000Z,1.08348,1.08588,1.08282,1.08512,0
2024-07-25T12:00:00.000Z,1.08513,1.08568,1.08302,1.08545,0
2024-07-25T16:00:00.000Z,1.08546,1.08699,1.08478,1.08479,0
2024-07-25T20:00:00.000Z,1.08478,1.08536,1.08434,1.08469,0
2024-07-26T00:00:00.000Z,1.08471,1.08604,1.08468,1.08551,0
2024-07-26T04:00:00.000Z,1.08552,1.08607,1.08505,1.08522,0
2024-07-26T08:00:00.000Z,1.08522,1.08586,1.0842,1.08562,0
2024-07-26T12:00:00.000Z,1.08561,1.08681,1.08484,1.08557,0
2024-07-26T16:00:00.000Z,1.08558,1.08669,1.08525,1.08566,0
2024-07-26T20:00:00.000Z,1.08567,1.08591,1.08547,1.08547,0
2024-07-28T20:00:00.000Z,1.08553,1.08599,1.08527,1.08559,0
2024-07-29T00:00:00.000Z,1.0856,1.087,1.08508,1.08642,0
2024-07-29T04:00:00.000Z,1.08641,1.08657,1.0855,1.0858,0
2024-07-29T08:00:00.000Z,1.0858,1.08597,1.08266,1.08358,0
2024-07-29T12:00:00.000Z,1.08358,1.08358,1.08028,1.08153,0
2024-07-29T16:00:00.000Z,1.08154,1.08259,1.08149,1.08215,0
2024-07-29T20:00:00.000Z,1.08216,1.08255,1.08197,1.08222,0
2024-07-30T00:00:00.000Z,1.08222,1.08222,1.08142,1.08179,0
2024-07-30T04:00:00.000Z,1.0818,1.08251,1.08175,1.08226,0
2024-07-30T08:00:00.000Z,1.08223,1.08356,1.0816,1.08332,0
2024-07-30T12:00:00.000Z,1.08333,1.08334,1.07982,1.0805,0
2024-07-30T16:00:00.000Z,1.08051,1.08176,1.07989,1.08111,0
2024-07-30T20:00:00.000Z,1.08111,1.08164,1.08085,1.08148,0
2024-07-31T00:00:00.000Z,1.08148,1.08282,1.08127,1.08265,0
2024-07-31T04:00:00.000Z,1.08265,1.08302,1.08156,1.08252,0
2024-07-31T08:00:00.000Z,1.08252,1.08352,1.08065,1.08331,0
2024-07-31T12:00:00.000Z,1.08331,1.08493,1.08172,1.08215,0
2024-07-31T16:00:00.000Z,1.08216,1.08292,1.08019,1.08268,0
2024-07-31T20:00:00.000Z,1.08266,1.08329,1.08169,1.08243,0
2024-08-01T00:00:00.000Z,1.08246,1.08336,1.08217,1.08261,0
2024-08-01T04:00:00.000Z,1.08261,1.08354,1.0811,1.0816,0
2024-08-01T08:00:00.000Z,1.08161,1.08199,1.07774,1.07842,0
2024-08-01T12:00:00.000Z,1.07844,1.08182,1.07805,1.07921,0
2024-08-01T16:00:00.000Z,1.07922,1.07967,1.07802,1.07837,0
2024-08-01T20:00:00.000Z,1.07838,1.07954,1.07825,1.07884,0
2024-08-02T00:00:00.000Z,1.07885,1.07937,1.07818,1.07902,0
2024-08-02T04:00:00.000Z,1.07901,1.08087,1.07901,1.07963,0
2024-08-02T08:00:00.000Z,1.07961,1.08248,1.07861,1.0823,0
2024-08-02T12:00:00.000Z,1.08229,1.09265,1.08229,1.09223,0
2024-08-02T16:00:00.000Z,1.09224,1.09247,1.09032,1.09129,0
2024-08-02T20:00:00.000Z,1.09128,1.09165,1.0908,1.09098,0
2024-08-04T20:00:00.000Z,1.09225,1.09234,1.09028,1.0906,0
2024-08-05T00:00:00.000Z,1.09064,1.09238,1.09043,1.09216,0
2024-08-05T04:00:00.000Z,1.09217,1.09396,1.08923,1.09051,0
2024-08-05T08:00:00.000Z,1.09051,1.09748,1.09034,1.09483,0
2024-08-05T12:00:00.000Z,1.09483,1.10088,1.09434,1.09793,0
2024-08-05T16:00:00.000Z,1.09793,1.09862,1.09472,1.0951,0
2024-08-05T20:00:00.000Z,1.0951,1.09619,1.09462,1.09547,0
2024-08-06T00:00:00.000Z,1.09548,1.09631,1.09437,1.09519,0
2024-08-06T04:00:00.000Z,1.09518,1.0956,1.09344,1.09389,0
2024-08-06T08:00:00.000Z,1.09389,1.09408,1.09041,1.09083,0
2024-08-06T12:00:00.000Z,1.09084,1.09348,1.09037,1.09337,0
2024-08-06T16:00:00.000Z,1.09338,1.09341,1.09207,1.09285,0
2024-08-06T20:00:00.000Z,1.09285,1.09321,1.09226,1.09294,0
2024-08-07T00:00:00.000Z,1.09296,1.09305,1.09109,1.09162,0
2024-08-07T04:00:00.000Z,1.09163,1.09174,1.09053,1.0915,0
2024-08-07T08:00:00.000Z,1.09151,1.09279,1.09085,1.09179,0
2024-08-07T12:00:00.000Z,1.09178,1.0934,1.09124,1.09318,0
2024-08-07T16:00:00.000Z,1.09318,1.09366,1.09174,1.09221,0
2024-08-07T20:00:00.000Z,1.09221,1.09269,1.09173,1.09266,0
2024-08-08T00:00:00.000Z,1.09267,1.09351,1.09235,1.09336,0
2024-08-08T04:00:00.000Z,1.09337,1.09447,1.09298,1.09428,0
2024-08-08T08:00:00.000Z,1.0943,1.09451,1.09208,1.09252,0
2024-08-08T12:00:00.000Z,1.09252,1.09332,1.08814,1.09063,0
2024-08-08T16:00:00.000Z,1.09062,1.09188,1.0905,1.09183,0
2024-08-08T20:00:00.000Z,1.09182,1.0919,1.091,1.09182,0
2024-08-09T00:00:00.000Z,1.09183,1.09243,1.09114,1.09212,0
2024-08-09T04:00:00.000Z,1.09211,1.09281,1.09175,1.09273,0
2024-08-09T08:00:00.000Z,1.09272,1.0929,1.09129,1.09174,0
2024-08-09T12:00:00.000Z,1.09175,1.09313,1.0909,1.09231,0
2024-08-09T16:00:00.000Z,1.09231,1.09276,1.09151,1.09195,0
2024-08-09T20:00:00.000Z,1.09195,1.09211,1.09148,1.09167,0
2024-08-11T20:00:00.000Z,1.09142,1.09196,1.091,1.09128,0
2024-08-12T00:00:00.000Z,1.09128,1.0923,1.09116,1.09178,0
2024-08-12T04:00:00.000Z,1.09177,1.09235,1.09126,1.09211,0
2024-08-12T08:00:00.000Z,1.09211,1.09299,1.0916,1.09265,0
2024-08-12T12:00:00.000Z,1.09265,1.09333,1.09152,1.09312,0
2024-08-12T16:00:00.000Z,1.09312,1.09393,1.09218,1.09304,0
2024-08-12T20:00:00.000Z,1.09304,1.09334,1.09249,1.09323,0
2024-08-13T00:00:00.000Z,1.09324,1.09375,1.09292,1.09353,0
2024-08-13T04:00:00.000Z,1.09353,1.09411,1.09325,1.09333,0
2024-08-13T08:00:00.000Z,1.09333,1.09347,1.09137,1.09231,0
2024-08-13T12:00:00.000Z,1.0923,1.09623,1.09225,1.09559,0
2024-08-13T16:00:00.000Z,1.0956,1.09994,1.0948,1.09991,0
2024-08-13T20:00:00.000Z,1.09991,1.09996,1.09754,1.09965,0
2024-08-14T00:00:00.000Z,1.09966,1.09984,1.09902,1.09914,0
2024-08-14T04:00:00.000Z,1.09915,1.10018,1.09863,1.09999,0
2024-08-14T08:00:00.000Z,1.09999,1.10286,1.09961,1.10219,0
2024-08-14T12:00:00.000Z,1.1022,1.10473,1.10039,1.10355,0
2024-08-14T16:00:00.000Z,1.10356,1.10361,1.10108,1.1016,0
2024-08-14T20:00:00.000Z,1.1016,1.10165,1.10108,1.1013,0
2024-08-15T00:00:00.000Z,1.10134,1.10142,1.1003,1.10085,0
2024-08-15T04:00:00.000Z,1.10085,1.10153,1.10075,1.10145,0
2024-08-15T08:00:00.000Z,1.10146,1.10154,1.10033,1.10101,0
2024-08-15T12:00:00.000Z,1.10101,1.10142,1.09495,1.09831,0
2024-08-15T16:00:00.000Z,1.0983,1.09894,1.09715,1.09782,0
2024-08-15T20:00:00.000Z,1.09781,1.09799,1.09703,1.09712,0
2024-08-16T00:00:00.000Z,1.09714,1.09825,1.09711,1.09812,0
2024-08-16T04:00:00.000Z,1.09812,1.09866,1.0976,1.09815,0
2024-08-16T08:00:00.000Z,1.09814,1.09949,1.09767,1.09939,0
2024-08-16T12:00:00.000Z,1.09938,1.10044,1.09826,1.09904,0
2024-08-16T16:00:00.000Z,1.09903,1.10214,1.09903,1.10205,0
2024-08-16T20:00:00.000Z,1.10206,1.10296,1.1018,1.10211,0
2024-08-18T20:00:00.000Z,1.10265,1.1034,1.10231,1.10249,0
2024-08-19T00:00:00.000Z,1.10252,1.1036,1.10227,1.10307,0
2024-08-19T04:00:00.000Z,1.10306,1.10501,1.10301,1.1042,0
2024-08-19T08:00:00.000Z,1.10419,1.10504,1.10308,1.10368,0
2024-08-19T12:00:00.000Z,1.10366,1.10735,1.10301,1.10655,0
2024-08-19T16:00:00.000Z,1.10654,1.10849,1.10597,1.10815,0
2024-08-19T20:00:00.000Z,1.10814,1.10875,1.10789,1.10851,0
2024-08-20T00:00:00.000Z,1.10852,1.10871,1.1075,1.10761,0
2024-08-20T04:00:00.000Z,1.10762,1.1082,1.10729,1.1081,0
2024-08-20T08:00:00.000Z,1.1081,1.10888,1.10719,1.10819,0
2024-08-20T12:00:00.000Z,1.10821,1.11168,1.10766,1.11117,0
2024-08-20T16:00:00.000Z,1.11116,1.11225,1.10996,1.11206,0
2024-08-20T20:00:00.000Z,1.11206,1.11304,1.11193,1.11285,0
2024-08-21T00:00:00.000Z,1.11284,1.11325,1.1119,1.11217,0
2024-08-21T04:00:00.000Z,1.11218,1.11224,1.11131,1.11178,0
2024-08-21T08:00:00.000Z,1.11179,1.11287,1.11103,1.11248,0
2024-08-21T12:00:00.000Z,1.11247,1.11299,1.10992,1.11247,0
2024-08-21T16:00:00.000Z,1.11245,1.1174,1.11244,1.11617,0
2024-08-21T20:00:00.000Z,1.11616,1.11617,1.11468,1.11562,0
2024-08-22T00:00:00.000Z,1.11562,1.1158,1.11404,1.1143,0
2024-08-22T04:00:00.000Z,1.11432,1.11497,1.11401,1.11494,0
2024-08-22T08:00:00.000Z,1.11494,1.11646,1.11272,1.11453,0
2024-08-22T12:00:00.000Z,1.11453,1.11453,1.1098,1.11148,0
2024-08-22T16:00:00.000Z,1.11148,1.11175,1.10987,1.11104,0
2024-08-22T20:00:00.000Z,1.11103,1.11162,1.11046,1.11135,0
2024-08-23T00:00:00.000Z,1.11137,1.11286,1.11129,1.1125,0
2024-08-23T04:00:00.000Z,1.11251,1.11304,1.11202,1.11283,0
2024-08-23T08:00:00.000Z,1.11284,1.11318,1.11124,1.11196,0
2024-08-23T12:00:00.000Z,1.11194,1.11848,1.11055,1.11749,0
2024-08-23T16:00:00.000Z,1.11747,1.12008,1.11642,1.11872,0
2024-08-23T20:00:00.000Z,1.11872,1.11955,1.11855,1.1191,0
2024-08-25T20:00:00.000Z,1.11854,1.11948,1.11854,1.1191,0
2024-08-26T00:00:00.000Z,1.11911,1.12015,1.11856,1.11867,0
2024-08-26T04:00:00.000Z,1.11866,1.11892,1.11775,1.11813,0
2024-08-26T08:00:00.000Z,1.11813,1.11848,1.11691,1.11714,0
2024-08-26T12:00:00.000Z,1.11715,1.11788,1.115,1.11765,0
2024-08-26T16:00:00.000Z,1.11765,1.11768,1.11594,1.11635,0
2024-08-26T20:00:00.000Z,1.11635,1.11655,1.11575,1.11627,0
2024-08-27T00:00:00.000Z,1.11629,1.11706,1.11595,1.11682,0
2024-08-27T04:00:00.000Z,1.11682,1.11722,1.11612,1.11617,0
2024-08-27T08:00:00.000Z,1.11616,1.11786,1.11616,1.11659,0
2024-08-27T12:00:00.000Z,1.11659,1.11718,1.11501,1.11661,0
2024-08-27T16:00:00.000Z,1.11661,1.11905,1.11587,1.11857,0
2024-08-27T20:00:00.000Z,1.11857,1.11858,1.11784,1.11836,0
2024-08-28T00:00:00.000Z,1.11837,1.11845,1.11665,1.11665,0
2024-08-28T04:00:00.000Z,1.11668,1.11691,1.11351,1.11477,0
2024-08-28T08:00:00.000Z,1.11478,1.11593,1.1122,1.11252,0
2024-08-28T12:00:00.000Z,1.11253,1.11377,1.1105,1.11301,0
2024-08-28T16:00:00.000Z,1.11301,1.11311,1.11053,1.11157,0
2024-08-28T20:00:00.000Z,1.11158,1.11242,1.11123,1.11239,0
2024-08-29T00:00:00.000Z,1.11239,1.11338,1.11227,1.11315,0
2024-08-29T04:00:00.000Z,1.11315,1.11399,1.11255,1.11281,0
2024-08-29T08:00:00.000Z,1.11281,1.11314,1.10719,1.10973,0
2024-08-29T12:00:00.000Z,1.10974,1.10997,1.10556,1.10698,0
2024-08-29T16:00:00.000Z,1.10699,1.10879,1.10668,1.1079,0
2024-08-29T20:00:00.000Z,1.1079,1.10813,1.10743,1.10799,0
2024-08-30T00:00:00.000Z,1.10799,1.1083,1.10697,1.1072,0
2024-08-30T04:00:00.000Z,1.10719,1.10856,1.10711,1.10848,0
2024-08-30T08:00:00.000Z,1.10849,1.1095,1.10735,1.10793,0
2024-08-30T12:00:00.000Z,1.10792,1.10881,1.10538,1.10686,0
2024-08-30T16:00:00.000Z,1.10685,1.1072,1.10438,1.10521,0
2024-08-30T20:00:00.000Z,1.1052,1.10551,1.10453,1.10456,0
2024-09-01T20:00:00.000Z,1.10462,1.10496,1.1044,1.10458,0
2024-09-02T00:00:00.000Z,1.10458,1.10556,1.10419,1.10514,0
2024-09-02T04:00:00.000Z,1.10515,1.10702,1.10439,1.10657,0
2024-09-02T08:00:00.000Z,1.10656,1.10773,1.10559,1.10663,0
2024-09-02T12:00:00.000Z,1.10663,1.10718,1.10585,1.1069,0
2024-09-02T16:00:00.000Z,1.10688,1.10714,1.10623,1.10709,0
2024-09-02T20:00:00.000Z,1.10708,1.10727,1.10613,1.10663,0
2024-09-03T00:00:00.000Z,1.10664,1.10702,1.10589,1.10636,0
2024-09-03T04:00:00.000Z,1.10636,1.10636,1.1051,1.10614,0
2024-09-03T08:00:00.000Z,1.10615,1.10676,1.1033,1.10357,0
2024-09-03T12:00:00.000Z,1.10355,1.1069,1.10335,1.10421,0
2024-09-03T16:00:00.000Z,1.10422,1.1047,1.10263,1.1038,0
2024-09-03T20:00:00.000Z,1.10381,1.10468,1.10363,1.10456,0
2024-09-04T00:00:00.000Z,1.10456,1.10562,1.1045,1.10525,0
2024-09-04T04:00:00.000Z,1.10524,1.10598,1.10473,1.10532,0
2024-09-04T08:00:00.000Z,1.10534,1.10628,1.10468,1.1053,0
2024-09-04T12:00:00.000Z,1.1053,1.10951,1.104,1.10898,0
2024-09-04T16:00:00.000Z,1.10897,1.10917,1.10653,1.1076,0
2024-09-04T20:00:00.000Z,1.1076,1.10863,1.1075,1.10848,0
2024-09-05T00:00:00.000Z,1.1085,1.10854,1.10756,1.10797,0
2024-09-05T04:00:00.000Z,1.10796,1.10881,1.10746,1.10837,0
2024-09-05T08:00:00.000Z,1.10837,1.11004,1.10798,1.10989,0
2024-09-05T12:00:00.000Z,1.10988,1.11197,1.10762,1.10795,0
2024-09-05T16:00:00.000Z,1.10796,1.11132,1.10781,1.11041,0
2024-09-05T20:00:00.000Z,1.1104,1.11115,1.11027,1.11095,0
2024-09-06T00:00:00.000Z,1.11096,1.11145,1.11085,1.11111,0
2024-09-06T04:00:00.000Z,1.11111,1.11208,1.11109,1.11206,0
2024-09-06T08:00:00.000Z,1.11205,1.11207,1.11068,1.11073,0
2024-09-06T12:00:00.000Z,1.11072,1.11556,1.10656,1.11018,0
2024-09-06T16:00:00.000Z,1.1102,1.1135,1.10695,1.10861,0
2024-09-06T20:00:00.000Z,1.10862,1.10895,1.10822,1.10825,0
2024-09-08T20:00:00.000Z,1.10781,1.10904,1.10781,1.10867,0
2024-09-09T00:00:00.000Z,1.10867,1.1091,1.10804,1.10806,0
2024-09-09T04:00:00.000Z,1.10806,1.10817,1.10606,1.10645,0
2024-09-09T08:00:00.000Z,1.10644,1.1066,1.10368,1.10401,0
2024-09-09T12:00:00.000Z,1.10401,1.1052,1.1034,1.10421,0
2024-09-09T16:00:00.000Z,1.1042,1.10536,1.10354,1.10429,0
2024-09-09T20:00:00.000Z,1.10428,1.10429,1.10331,1.10375,0
2024-09-10T00:00:00.000Z,1.10376,1.10381,1.10283,1.10347,0
2024-09-10T04:00:00.000Z,1.10348,1.10496,1.10337,1.10496,0
2024-09-10T08:00:00.000Z,1.10494,1.10494,1.10323,1.10403,0
2024-09-10T12:00:00.000Z,1.10404,1.10438,1.10151,1.10185,0
2024-09-10T16:00:00.000Z,1.10185,1.10288,1.10174,1.10245,0
2024-09-10T20:00:00.000Z,1.10244,1.10276,1.10182,1.10197,0
2024-09-11T00:00:00.000Z,1.10198,1.10443,1.10166,1.10331,0
2024-09-11T04:00:00.000Z,1.1033,1.10514,1.10316,1.10451,0
2024-09-11T08:00:00.000Z,1.10451,1.1052,1.10366,1.10486,0
2024-09-11T12:00:00.000Z,1.10487,1.10549,1.10019,1.10102,0
2024-09-11T16:00:00.000Z,1.10102,1.10226,1.10077,1.10181,0
2024-09-11T20:00:00.000Z,1.10181,1.10265,1.10104,1.10121,0
2024-09-12T00:00:00.000Z,1.10122,1.10128,1.10059,1.10097,0
2024-09-12T04:00:00.000Z,1.10096,1.10238,1.10077,1.1008,0
2024-09-12T08:00:00.000Z,1.1008,1.10234,1.10055,1.10217,0
2024-09-12T12:00:00.000Z,1.10217,1.10471,1.10089,1.10398,0
2024-09-12T16:00:00.000Z,1.10398,1.10622,1.10307,1.10607,0
2024-09-12T20:00:00.000Z,1.10607,1.1075,1.10599,1.10717,0
2024-09-13T00:00:00.000Z,1.10716,1.10898,1.10715,1.10867,0
2024-09-13T04:00:00.000Z,1.10867,1.10902,1.10745,1.10789,0
2024-09-13T08:00:00.000Z,1.10789,1.11007,1.1073,1.10904,0
2024-09-13T12:00:00.000Z,1.10904,1.11017,1.10791,1.10889,0
2024-09-13T16:00:00.000Z,1.10891,1.10918,1.10766,1.1078,0
2024-09-13T20:00:00.000Z,1.10779,1.10813,1.10721,1.10732,0
2024-09-15T20:00:00.000Z,1.10757,1.10873,1.10743,1.10868,0
2024-09-16T00:00:00.000Z,1.10868,1.10924,1.10848,1.1089,0
2024-09-16T04:00:00.000Z,1.1089,1.11157,1.1088,1.11145,0
2024-09-16T08:00:00.000Z,1.11143,1.11293,1.11095,1.11219,0
2024-09-16T12:00:00.000Z,1.1122,1.11374,1.11159,1.11238,0
2024-09-16T16:00:00.000Z,1.11238,1.113,1.1116,1.11208,0
2024-09-16T20:00:00.000Z,1.11207,1.11332,1.11186,1.11272,0
2024-09-17T00:00:00.000Z,1.11275,1.11311,1.11219,1.11271,0
2024-09-17T04:00:00.000Z,1.1127,1.11334,1.11208,1.11208,0
2024-09-17T08:00:00.000Z,1.11208,1.11461,1.11156,1.11343,0
2024-09-17T12:00:00.000Z,1.11342,1.11436,1.11117,1.11245,0
2024-09-17T16:00:00.000Z,1.11246,1.11262,1.11109,1.11223,0
2024-09-17T20:00:00.000Z,1.11223,1.11235,1.11124,1.11179,0
2024-09-18T00:00:00.000Z,1.1118,1.11303,1.11179,1.11279,0
2024-09-18T04:00:00.000Z,1.1128,1.11285,1.11152,1.11186,0
2024-09-18T08:00:00.000Z,1.11186,1.11398,1.11174,1.11299,0
2024-09-18T12:00:00.000Z,1.11298,1.11398,1.11082,1.1118,0
2024-09-18T16:00:00.000Z,1.11181,1.11891,1.11119,1.11492,0
2024-09-18T20:00:00.000Z,1.11489,1.1149,1.10966,1.11218,0
2024-09-19T00:00:00.000Z,1.11219,1.11219,1.10683,1.11019,0
2024-09-19T04:00:00.000Z,1.11019,1.11451,1.10994,1.11451,0
2024-09-19T08:00:00.000Z,1.11453,1.11787,1.11401,1.11702,0
2024-09-19T12:00:00.000Z,1.11705,1.1176,1.11164,1.11292,0
2024-09-19T16:00:00.000Z,1.11293,1.11678,1.11255,1.11654,0
2024-09-19T20:00:00.000Z,1.11654,1.11666,1.11588,1.11607,0
2024-09-20T00:00:00.000Z,1.11608,1.1164,1.11571,1.11614,0
2024-09-20T04:00:00.000Z,1.11613,1.11785,1.1161,1.11764,0
2024-09-20T08:00:00.000Z,1.11763,1.11818,1.11523,1.11592,0
2024-09-20T12:00:00.000Z,1.11593,1.11768,1.11379,1.11437,0
2024-09-20T16:00:00.000Z,1.11437,1.11757,1.1136,1.1165,0
2024-09-20T20:00:00.000Z,1.1165,1.11659,1.11561,1.11626,0
2024-09-22T20:00:00.000Z,1.1158,1.11647,1.1158,1.11621,0
2024-09-23T00:00:00.000Z,1.11622,1.1164,1.11558,1.11622,0
2024-09-23T04:00:00.000Z,1.11622,1.11672,1.11551,1.11588,0
2024-09-23T08:00:00.000Z,1.11587,1.11595,1.10831,1.11129,0
2024-09-23T12:00:00.000Z,1.11131,1.11433,1.11085,1.11323,0
2024-09-23T16:00:00.000Z,1.11325,1.11371,1.11159,1.11167,0
2024-09-23T20:00:00.000Z,1.11166,1.11176,1.11097,1.11109,0
2024-09-24T00:00:00.000Z,1.11111,1.11137,1.11033,1.11055,0
2024-09-24T04:00:00.000Z,1.11055,1.11194,1.11042,1.1115,0
2024-09-24T08:00:00.000Z,1.11149,1.11459,1.11125,1.1128,0
2024-09-24T12:00:00.000Z,1.1128,1.11635,1.11221,1.11507,0
2024-09-24T16:00:00.000Z,1.11506,1.11669,1.11467,1.11662,0
2024-09-24T20:00:00.000Z,1.11663,1.11888,1.1165,1.11886,0
2024-09-25T00:00:00.000Z,1.11885,1.11961,1.11833,1.11947,0
2024-09-25T04:00:00.000Z,1.11948,1.11987,1.11869,1.11905,0
2024-09-25T08:00:00.000Z,1.11906,1.11964,1.11782,1.11871,0
2024-09-25T12:00:00.000Z,1.11872,1.1214,1.11652,1.11726,0
2024-09-25T16:00:00.000Z,1.11727,1.11752,1.11215,1.11342,0
2024-09-25T20:00:00.000Z,1.11342,1.11358,1.11249,1.11316,0
2024-09-26T00:00:00.000Z,1.11316,1.11419,1.1129,1.1141,0
2024-09-26T04:00:00.000Z,1.1141,1.11566,1.11377,1.11534,0
2024-09-26T08:00:00.000Z,1.11534,1.11579,1.11257,1.11538,0
2024-09-26T12:00:00.000Z,1.11539,1.11747,1.11257,1.11648,0
2024-09-26T16:00:00.000Z,1.11647,1.11893,1.11642,1.11795,0
2024-09-26T20:00:00.000Z,1.11796,1.11841,1.11739,1.1176,0
2024-09-27T00:00:00.000Z,1.11761,1.11776,1.11624,1.11689,0
2024-09-27T04:00:00.000Z,1.1169,1.1176,1.11402,1.11509,0
2024-09-27T08:00:00.000Z,1.11506,1.11709,1.11248,1.11633,0
2024-09-27T12:00:00.000Z,1.11632,1.1203,1.11541,1.11784,0
2024-09-27T16:00:00.000Z,1.11785,1.11785,1.11463,1.11677,0
2024-09-27T20:00:00.000Z,1.11676,1.11678,1.11589,1.11619,0
2024-09-29T20:00:00.000Z,1.11582,1.11723,1.11526,1.11707,0
2024-09-30T00:00:00.000Z,1.11707,1.11739,1.11564,1.11603,0
2024-09-30T04:00:00.000Z,1.11604,1.11692,1.1156,1.11681,0
2024-09-30T08:00:00.000Z,1.1168,1.12089,1.11593,1.11899,0
2024-09-30T12:00:00.000Z,1.119,1.12029,1.11409,1.11583,0
2024-09-30T16:00:00.000Z,1.11582,1.11642,1.11136,1.11322,0
2024-09-30T20:00:00.000Z,1.11322,1.11419,1.11215,1.11415,0
2024-10-01T00:00:00.000Z,1.11417,1.11433,1.11271,1.11388,0
2024-10-01T04:00:00.000Z,1.11389,1.11439,1.11309,1.11345,0
2024-10-01T08:00:00.000Z,1.11345,1.11369,1.10839,1.10869,0
2024-10-01T12:00:00.000Z,1.1087,1.10998,1.10565,1.10764,0
2024-10-01T16:00:00.000Z,1.10765,1.10778,1.10458,1.10715,0
2024-10-01T20:00:00.000Z,1.10716,1.10773,1.10656,1.10672,0
2024-10-02T00:00:00.000Z,1.10671,1.10739,1.10633,1.10664,0
2024-10-02T04:00:00.000Z,1.10664,1.10737,1.10541,1.10664,0
2024-10-02T08:00:00.000Z,1.10667,1.10828,1.10612,1.10666,0
2024-10-02T12:00:00.000Z,1.10668,1.10773,1.10353,1.10361,0
2024-10-02T16:00:00.000Z,1.10361,1.10548,1.10325,1.10382,0
2024-10-02T20:00:00.000Z,1.10382,1.10533,1.10367,1.10461,0
2024-10-03T00:00:00.000Z,1.10462,1.10477,1.10351,1.10359,0
2024-10-03T04:00:00.000Z,1.10359,1.10421,1.10248,1.10378,0
2024-10-03T08:00:00.000Z,1.10377,1.10465,1.10275,1.10427,0
2024-10-03T12:00:00.000Z,1.10428,1.10468,1.10082,1.1017,0
2024-10-03T16:00:00.000Z,1.10169,1.10361,1.1012,1.1026,0
2024-10-03T20:00:00.000Z,1.10261,1.1035,1.10249,1.10342,0
2024-10-04T00:00:00.000Z,1.10342,1.10395,1.10279,1.10305,0
2024-10-04T04:00:00.000Z,1.10307,1.10352,1.10251,1.1032,0
2024-10-04T08:00:00.000Z,1.10319,1.10355,1.10201,1.10275,0
2024-10-04T12:00:00.000Z,1.10275,1.10367,1.09588,1.09694,0
2024-10-04T16:00:00.000Z,1.09694,1.0974,1.09512,1.09726,0
2024-10-04T20:00:00.000Z,1.09725,1.09777,1.09707,1.09739,0
2024-10-06T20:00:00.000Z,1.0962,1.09717,1.0962,1.09693,0
2024-10-07T00:00:00.000Z,1.09694,1.09775,1.09679,1.09713,0
2024-10-07T04:00:00.000Z,1.09713,1.09735,1.09634,1.09712,0
2024-10-07T08:00:00.000Z,1.09712,1.09788,1.09542,1.09651,0
2024-10-07T12:00:00.000Z,1.09651,1.09848,1.09622,1.09747,0
2024-10-07T16:00:00.000Z,1.09745,1.09868,1.09682,1.0969,0
2024-10-07T20:00:00.000Z,1.0969,1.09789,1.09657,1.09777,0
2024-10-08T00:00:00.000Z,1.09781,1.09848,1.09727,1.09815,0
2024-10-08T04:00:00.000Z,1.09816,1.09888,1.09813,1.09836,0
2024-10-08T08:00:00.000Z,1.09836,1.09971,1.09785,1.09852,0
2024-10-08T12:00:00.000Z,1.09852,1.09898,1.09663,1.09708,0
2024-10-08T16:00:00.000Z,1.09708,1.09777,1.09608,1.09722,0
2024-10-08T20:00:00.000Z,1.09722,1.09807,1.09694,1.09807,0
2024-10-09T00:00:00.000Z,1.09808,1.09809,1.09686,1.09706,0
2024-10-09T04:00:00.000Z,1.09707,1.0976,1.0962,1.09629,0
2024-10-09T08:00:00.000Z,1.09626,1.09707,1.0951,1.09656,0
2024-10-09T12:00:00.000Z,1.09656,1.09669,1.09396,1.09479,0
2024-10-09T16:00:00.000Z,1.09478,1.09561,1.09362,1.09365,0
2024-10-09T20:00:00.000Z,1.09366,1.09426,1.09365,1.09407,0
2024-10-10T00:00:00.000Z,1.09406,1.09459,1.09388,1.09419,0
2024-10-10T04:00:00.000Z,1.09418,1.09458,1.09364,1.09368,0
2024-10-10T08:00:00.000Z,1.09369,1.0943,1.09278,1.0939,0
2024-10-10T12:00:00.000Z,1.09391,1.09548,1.09088,1.09222,0
2024-10-10T16:00:00.000Z,1.09222,1.09297,1.09,1.0922,0
2024-10-10T20:00:00.000Z,1.0922,1.09376,1.09116,1.09337,0
2024-10-11T00:00:00.000Z,1.09337,1.09379,1.09294,1.09368,0
2024-10-11T04:00:00.000Z,1.09368,1.09407,1.09323,1.09401,0
2024-10-11T08:00:00.000Z,1.094,1.09537,1.0931,1.0935,0
2024-10-11T12:00:00.000Z,1.09351,1.09506,1.0926,1.09429,0
2024-10-11T16:00:00.000Z,1.09428,1.09524,1.09389,1.0939,0
2024-10-11T20:00:00.000Z,1.09391,1.09393,1.09324,1.09353,0
2024-10-13T20:00:00.000Z,1.0931,1.09335,1.0927,1.09271,0
2024-10-14T00:00:00.000Z,1.09273,1.09283,1.09153,1.09246,0
2024-10-14T04:00:00.000Z,1.09247,1.09304,1.09223,1.0925,0
2024-10-14T08:00:00.000Z,1.0925,1.09366,1.0922,1.09228,0
2024-10-14T12:00:00.000Z,1.09228,1.09272,1.09047,1.09148,0
2024-10-14T16:00:00.000Z,1.09148,1.09163,1.08949,1.08971,0
2024-10-14T20:00:00.000Z,1.08972,1.09095,1.08881,1.09084,0
2024-10-15T00:00:00.000Z,1.09085,1.09103,1.09005,1.0902,0
2024-10-15T04:00:00.000Z,1.09019,1.0903,1.08849,1.08924,0
2024-10-15T08:00:00.000Z,1.08924,1.09161,1.0885,1.09027,0
2024-10-15T12:00:00.000Z,1.09026,1.09167,1.08973,1.09026,0
2024-10-15T16:00:00.000Z,1.09027,1.09071,1.08819,1.08872,0
2024-10-15T20:00:00.000Z,1.08874,1.08927,1.08857,1.08895,0
2024-10-16T00:00:00.000Z,1.08896,1.08932,1.08821,1.08925,0
2024-10-16T04:00:00.000Z,1.08926,1.08956,1.08762,1.08776,0
2024-10-16T08:00:00.000Z,1.08776,1.08972,1.08752,1.08899,0
2024-10-16T12:00:00.000Z,1.08897,1.09014,1.08714,1.08797,0
2024-10-16T16:00:00.000Z,1.08797,1.08801,1.08553,1.08556,0
2024-10-16T20:00:00.000Z,1.08557,1.08705,1.08532,1.08585,0
2024-10-17T00:00:00.000Z,1.08585,1.0865,1.08562,1.08619,0
2024-10-17T04:00:00.000Z,1.08617,1.0862,1.08498,1.08506,0
2024-10-17T08:00:00.000Z,1.08505,1.08649,1.0849,1.0864,0
2024-10-17T12:00:00.000Z,1.08641,1.08737,1.0811,1.08286,0
2024-10-17T16:00:00.000Z,1.08288,1.08408,1.0821,1.08249,0
2024-10-17T20:00:00.000Z,1.0825,1.08331,1.08234,1.08289,0
2024-10-18T00:00:00.000Z,1.0829,1.08396,1.08252,1.08389,0
2024-10-18T04:00:00.000Z,1.08387,1.08486,1.0837,1.08443,0
2024-10-18T08:00:00.000Z,1.08442,1.08488,1.08341,1.0845,0
2024-10-18T12:00:00.000Z,1.0845,1.08645,1.08417,1.08571,0
2024-10-18T16:00:00.000Z,1.08571,1.08682,1.08528,1.08653,0
2024-10-18T20:00:00.000Z,1.08653,1.08694,1.08622,1.08655,0
2024-10-20T20:00:00.000Z,1.08605,1.08717,1.08605,1.0869,0
2024-10-21T00:00:00.000Z,1.08691,1.08696,1.08636,1.08644,0
2024-10-21T04:00:00.000Z,1.08643,1.08678,1.08495,1.08522,0
2024-10-21T08:00:00.000Z,1.08522,1.08582,1.08447,1.08474,0
2024-10-21T12:00:00.000Z,1.08475,1.0859,1.08331,1.08348,0
2024-10-21T16:00:00.000Z,1.08348,1.08349,1.08111,1.08114,0
2024-10-21T20:00:00.000Z,1.08116,1.08176,1.08111,1.08154,0
2024-10-22T00:00:00.000Z,1.08154,1.08213,1.0814,1.08156,0
2024-10-22T04:00:00.000Z,1.08156,1.08288,1.08149,1.08255,0
2024-10-22T08:00:00.000Z,1.08254,1.0838,1.08143,1.08285,0
2024-10-22T12:00:00.000Z,1.08286,1.08289,1.08009,1.08096,0
2024-10-22T16:00:00.000Z,1.08097,1.08154,1.07998,1.07999,0
2024-10-22T20:00:00.000Z,1.07999,1.08017,1.07926,1.07984,0
2024-10-23T00:00:00.000Z,1.07983,1.08053,1.07922,1.08045,0
2024-10-23T04:00:00.000Z,1.08046,1.08066,1.07924,1.07924,0
2024-10-23T08:00:00.000Z,1.07924,1.07924,1.07774,1.07774,0
2024-10-23T12:00:00.000Z,1.07775,1.07831,1.07612,1.07745,0
2024-10-23T16:00:00.000Z,1.07745,1.07862,1.07672,1.07805,0
2024-10-23T20:00:00.000Z,1.07805,1.07865,1.07794,1.07822,0
2024-10-24T00:00:00.000Z,1.07823,1.07898,1.07794,1.07875,0
2024-10-24T04:00:00.000Z,1.07876,1.07935,1.07816,1.07833,0
2024-10-24T08:00:00.000Z,1.07833,1.0808,1.07706,1.07989,0
2024-10-24T12:00:00.000Z,1.07989,1.08113,1.07881,1.07978,0
2024-10-24T16:00:00.000Z,1.07979,1.08259,1.07963,1.08229,0
2024-10-24T20:00:00.000Z,1.08228,1.08298,1.08212,1.08241,0
2024-10-25T00:00:00.000Z,1.08241,1.08275,1.082,1.08259,0
2024-10-25T04:00:00.000Z,1.08258,1.08258,1.08145,1.08155,0
2024-10-25T08:00:00.000Z,1.08155,1.08372,1.08136,1.08241,0
2024-10-25T12:00:00.000Z,1.08241,1.08392,1.0821,1.08307,0
2024-10-25T16:00:00.000Z,1.08307,1.08347,1.07988,1.08029,0
2024-10-25T20:00:00.000Z,1.08028,1.08029,1.0793,1.07945,0
2024-10-27T20:00:00.000Z,1.07938,1.08015,1.07866,1.0796,0
2024-10-28T00:00:00.000Z,1.0796,1.08012,1.0782,1.07828,0
2024-10-28T04:00:00.000Z,1.07829,1.08056,1.07819,1.08042,0
2024-10-28T08:00:00.000Z,1.08042,1.08213,1.08009,1.08194,0
2024-10-28T12:00:00.000Z,1.08194,1.08276,1.08131,1.08188,0
2024-10-28T16:00:00.000Z,1.08187,1.08262,1.08099,1.08152,0
2024-10-28T20:00:00.000Z,1.08153,1.08178,1.08107,1.08176,0
2024-10-29T00:00:00.000Z,1.08175,1.08192,1.08061,1.0808,0
2024-10-29T04:00:00.000Z,1.0808,1.08161,1.08054,1.08095,0
2024-10-29T08:00:00.000Z,1.08094,1.08263,1.07967,1.07992,0
2024-10-29T12:00:00.000Z,1.07991,1.08121,1.07688,1.07975,0
2024-10-29T16:00:00.000Z,1.07974,1.08163,1.07923,1.08139,0
2024-10-29T20:00:00.000Z,1.08139,1.08217,1.08121,1.08197,0
2024-10-30T00:00:00.000Z,1.08196,1.08259,1.08136,1.08141,0
2024-10-30T04:00:00.000Z,1.08141,1.08263,1.0813,1.08191,0
2024-10-30T08:00:00.000Z,1.0819,1.08593,1.0819,1.08242,0
2024-10-30T12:00:00.000Z,1.08242,1.08668,1.08079,1.08637,0
2024-10-30T16:00:00.000Z,1.08636,1.08713,1.08537,1.08604,0
2024-10-30T20:00:00.000Z,1.08605,1.08618,1.08538,1.08582,0
2024-10-31T00:00:00.000Z,1.08581,1.08592,1.08441,1.08498,0
2024-10-31T04:00:00.000Z,1.08497,1.08635,1.0845,1.08589,0
2024-10-31T08:00:00.000Z,1.0859,1.08753,1.08511,1.0868,0
2024-10-31T12:00:00.000Z,1.08682,1.08881,1.08461,1.08554,0
2024-10-31T16:00:00.000Z,1.08554,1.08783,1.08536,1.08773,0
2024-10-31T20:00:00.000Z,1.08775,1.08863,1.08772,1.08839,0
2024-11-01T00:00:00.000Z,1.08838,1.08885,1.08751,1.08763,0
2024-11-01T04:00:00.000Z,1.08762,1.08789,1.08679,1.08679,0
2024-11-01T08:00:00.000Z,1.08679,1.08693,1.08524,1.08679,0
2024-11-01T12:00:00.000Z,1.0868,1.09057,1.08472,1.08484,0
2024-11-01T16:00:00.000Z,1.08485,1.08543,1.0834,1.08358,0
2024-11-01T20:00:00.000Z,1.08359,1.0837,1.08317,1.08327,0
2024-11-03T20:00:00.000Z,1.08778,1.08811,1.08719,1.08727,0
2024-11-04T00:00:00.000Z,1.08728,1.09049,1.08699,1.09015,0
2024-11-04T04:00:00.000Z,1.09015,1.0903,1.08871,1.08912,0
2024-11-04T08:00:00.000Z,1.08913,1.0914,1.08892,1.09134,0
2024-11-04T12:00:00.000Z,1.09133,1.09147,1.08933,1.08992,0
2024-11-04T16:00:00.000Z,1.08992,1.09009,1.08777,1.08788,0
2024-11-04T20:00:00.000Z,1.08788,1.08814,1.08733,1.08735,0
2024-11-05T00:00:00.000Z,1.08736,1.08797,1.08724,1.08757,0
2024-11-05T04:00:00.000Z,1.08757,1.08907,1.08743,1.08886,0
2024-11-05T08:00:00.000Z,1.08888,1.09017,1.08842,1.08994,0
2024-11-05T12:00:00.000Z,1.08994,1.09122,1.08894,1.0902,0
2024-11-05T16:00:00.000Z,1.09021,1.09365,1.09011,1.0931,0
2024-11-05T20:00:00.000Z,1.09311,1.09369,1.09118,1.09339,0
2024-11-06T00:00:00.000Z,1.09338,1.09339,1.0719,1.07464,0
2024-11-06T04:00:00.000Z,1.07463,1.07944,1.07027,1.07342,0
2024-11-06T08:00:00.000Z,1.07342,1.07812,1.07011,1.0708,0
2024-11-06T12:00:00.000Z,1.07081,1.07397,1.06824,1.07383,0
2024-11-06T16:00:00.000Z,1.07383,1.0758,1.07257,1.07351,0
2024-11-06T20:00:00.000Z,1.07352,1.07384,1.07249,1.07315,0
2024-11-07T00:00:00.000Z,1.07316,1.07413,1.07129,1.07398,0
2024-11-07T04:00:00.000Z,1.07398,1.07701,1.07341,1.0752,0
2024-11-07T08:00:00.000Z,1.07522,1.07716,1.07459,1.07589,0
2024-11-07T12:00:00.000Z,1.0759,1.08247,1.07566,1.0811,0
2024-11-07T16:00:00.000Z,1.0811,1.08149,1.07669,1.07817,0
2024-11-07T20:00:00.000Z,1.07819,1.08094,1.078,1.07954,0
2024-11-08T00:00:00.000Z,1.07954,1.07973,1.07769,1.07781,0
2024-11-08T04:00:00.000Z,1.07781,1.07863,1.07727,1.07796,0
2024-11-08T08:00:00.000Z,1.07796,1.07974,1.07609,1.07829,0
2024-11-08T12:00:00.000Z,1.07831,1.07843,1.07402,1.07483,0
2024-11-08T16:00:00.000Z,1.07483,1.07502,1.06868,1.07136,0
2024-11-08T20:00:00.000Z,1.07136,1.07214,1.07103,1.07182,0
2024-11-10T20:00:00.000Z,1.07093,1.07169,1.07075,1.07132,0
2024-11-11T00:00:00.000Z,1.07131,1.07277,1.07087,1.07167,0
2024-11-11T04:00:00.000Z,1.07167,1.07221,1.06858,1.06899,0
2024-11-11T08:00:00.000Z,1.069,1.06942,1.06557,1.06624,0
2024-11-11T12:00:00.000Z,1.06628,1.06645,1.06286,1.06473,0
2024-11-11T16:00:00.000Z,1.06473,1.06573,1.06448,1.06511,0
2024-11-11T20:00:00.000Z,1.06512,1.06631,1.06512,1.06631,0
2024-11-12T00:00:00.000Z,1.0663,1.06631,1.0638,1.06382,0
2024-11-12T04:00:00.000Z,1.06382,1.06457,1.06214,1.0632,0
2024-11-12T08:00:00.000Z,1.06319,1.06341,1.06111,1.06188,0
2024-11-12T12:00:00.000Z,1.06188,1.06272,1.06019,1.06089,0
2024-11-12T16:00:00.000Z,1.0609,1.06185,1.05951,1.06124,0
2024-11-12T20:00:00.000Z,1.06124,1.06266,1.06094,1.06166,0
2024-11-13T00:00:00.000Z,1.06166,1.06294,1.06109,1.06191,0
2024-11-13T04:00:00.000Z,1.0619,1.06225,1.06024,1.0603,0
2024-11-13T08:00:00.000Z,1.06029,1.0638,1.05933,1.06375,0
2024-11-13T12:00:00.000Z,1.06375,1.0654,1.05556,1.05886,0
2024-11-13T16:00:00.000Z,1.05887,1.0592,1.05564,1.05655,0
2024-11-13T20:00:00.000Z,1.05655,1.05688,1.05577,1.05657,0
2024-11-14T00:00:00.000Z,1.05656,1.05686,1.05454,1.05477,0
2024-11-14T04:00:00.000Z,1.05477,1.05546,1.05339,1.0551,0
2024-11-14T08:00:00.000Z,1.0551,1.05579,1.0496,1.05288,0
2024-11-14T12:00:00.000Z,1.0529,1.05777,1.05134,1.05748,0
2024-11-14T16:00:00.000Z,1.05747,1.05825,1.05433,1.05477,0
2024-11-14T20:00:00.000Z,1.05478,1.05489,1.05119,1.05295,0
2024-11-15T00:00:00.000Z,1.05295,1.05459,1.05236,1.05402,0
2024-11-15T04:00:00.000Z,1.05402,1.05639,1.05336,1.05565,0
2024-11-15T08:00:00.000Z,1.05566,1.05799,1.05523,1.05772,0
2024-11-15T12:00:00.000Z,1.05771,1.0593,1.05231,1.05352,0
2024-11-15T16:00:00.000Z,1.05351,1.056,1.0533,1.05371,0
2024-11-15T20:00:00.000Z,1.05371,1.05404,1.05163,1.05394,0
2024-11-17T20:00:00.000Z,1.0528,1.05384,1.0528,1.05362,0
2024-11-18T00:00:00.000Z,1.05362,1.05505,1.05302,1.05341,0
2024-11-18T04:00:00.000Z,1.0534,1.05482,1.05334,1.05472,0
2024-11-18T08:00:00.000Z,1.05472,1.05711,1.05325,1.05423,0
2024-11-18T12:00:00.000Z,1.05424,1.05754,1.05346,1.05736,0
2024-11-18T16:00:00.000Z,1.05735,1.06071,1.05652,1.05908,0
2024-11-18T20:00:00.000Z,1.05907,1.06004,1.0589,1.05945,0
2024-11-19T00:00:00.000Z,1.05945,1.06007,1.05871,1.05967,0
2024-11-19T04:00:00.000Z,1.05969,1.06007,1.05744,1.05775,0
2024-11-19T08:00:00.000Z,1.05774,1.0588,1.05233,1.05619,0
2024-11-19T12:00:00.000Z,1.0562,1.0601,1.05595,1.05866,0
2024-11-19T16:00:00.000Z,1.05867,1.05952,1.05708,1.05936,0
2024-11-19T20:00:00.000Z,1.05935,1.0608,1.05859,1.0607,0
2024-11-20T00:00:00.000Z,1.0607,1.06097,1.05883,1.05897,0
2024-11-20T04:00:00.000Z,1.05896,1.05954,1.05765,1.05783,0
2024-11-20T08:00:00.000Z,1.05782,1.0579,1.05421,1.05543,0
2024-11-20T12:00:00.000Z,1.05545,1.05679,1.05159,1.05214,0
2024-11-20T16:00:00.000Z,1.05215,1.05423,1.05068,1.05395,0
2024-11-20T20:00:00.000Z,1.05393,1.05459,1.05362,1.05456,0
2024-11-21T00:00:00.000Z,1.05457,1.05531,1.05424,1.0553,0
2024-11-21T04:00:00.000Z,1.05531,1.05548,1.05295,1.05364,0
2024-11-21T08:00:00.000Z,1.05365,1.05432,1.05138,1.052,0
2024-11-21T12:00:00.000Z,1.052,1.05447,1.05089,1.05103,0
2024-11-21T16:00:00.000Z,1.05103,1.05146,1.04622,1.04844,0
2024-11-21T20:00:00.000Z,1.04843,1.04867,1.04676,1.0469,0
2024-11-22T00:00:00.000Z,1.04689,1.04782,1.04663,1.0475,0
2024-11-22T04:00:00.000Z,1.0475,1.04892,1.04615,1.04861,0
2024-11-22T08:00:00.000Z,1.04861,1.04981,1.03325,1.04165,0
2024-11-22T12:00:00.000Z,1.04167,1.04346,1.03951,1.04106,0
2024-11-22T16:00:00.000Z,1.04107,1.04254,1.03919,1.04109,0
2024-11-22T20:00:00.000Z,1.04108,1.04201,1.0408,1.04193,0
2024-11-24T20:00:00.000Z,1.04806,1.05013,1.04618,1.04793,0
2024-11-25T00:00:00.000Z,1.04792,1.049,1.04735,1.04778,0
2024-11-25T04:00:00.000Z,1.04778,1.04895,1.04498,1.04504,0
2024-11-25T08:00:00.000Z,1.04505,1.0497,1.0449,1.04793,0
2024-11-25T12:00:00.000Z,1.04794,1.05303,1.0474,1.04884,0
2024-11-25T16:00:00.000Z,1.04884,1.05107,1.04667,1.05055,0
2024-11-25T20:00:00.000Z,1.05052,1.05093,1.04428,1.04437,0
2024-11-26T00:00:00.000Z,1.04437,1.04801,1.0425,1.04779,0
2024-11-26T04:00:00.000Z,1.04779,1.04904,1.0472,1.0472,0
2024-11-26T08:00:00.000Z,1.0472,1.05209,1.047,1.05132,0
2024-11-26T12:00:00.000Z,1.05132,1.05447,1.04786,1.04796,0
2024-11-26T16:00:00.000Z,1.04796,1.04862,1.04571,1.04727,0
2024-11-26T20:00:00.000Z,1.04727,1.0492,1.04717,1.04918,0
2024-11-27T00:00:00.000Z,1.04918,1.04964,1.04777,1.04829,0
2024-11-27T04:00:00.000Z,1.04829,1.05052,1.04744,1.04982,0
2024-11-27T08:00:00.000Z,1.04982,1.05402,1.04961,1.05261,0
2024-11-27T12:00:00.000Z,1.05261,1.05797,1.05199,1.05706,0
2024-11-27T16:00:00.000Z,1.05706,1.05876,1.05549,1.05628,0
2024-11-27T20:00:00.000Z,1.05628,1.05692,1.05593,1.05619,0
2024-11-28T00:00:00.000Z,1.05619,1.05627,1.05473,1.05522,0
2024-11-28T04:00:00.000Z,1.05524,1.0558,1.05319,1.05415,0
2024-11-28T08:00:00.000Z,1.05414,1.05563,1.05275,1.055,0
2024-11-28T12:00:00.000Z,1.05498,1.0557,1.05302,1.05525,0
2024-11-28T16:00:00.000Z,1.05524,1.05568,1.05475,1.05566,0
2024-11-28T20:00:00.000Z,1.05566,1.05621,1.05502,1.056,0
2024-11-29T00:00:00.000Z,1.05601,1.0576,1.05564,1.05736,0
2024-11-29T04:00:00.000Z,1.05736,1.05971,1.05652,1.05795,0
2024-11-29T08:00:00.000Z,1.05794,1.0582,1.05518,1.05625,0
2024-11-29T12:00:00.000Z,1.05626,1.05684,1.05454,1.05612,0
2024-11-29T16:00:00.000Z,1.05612,1.058,1.05414,1.05795,0
2024-11-29T20:00:00.000Z,1.05796,1.05843,1.05747,1.05748,0
2024-12-01T20:00:00.000Z,1.05711,1.05733,1.05336,1.05439,0
2024-12-02T00:00:00.000Z,1.05439,1.05463,1.052,1.05235,0
2024-12-02T04:00:00.000Z,1.05235,1.0537,1.05018,1.05027,0
2024-12-02T08:00:00.000Z,1.05027,1.05288,1.04959,1.05229,0
2024-12-02T12:00:00.000Z,1.05229,1.05382,1.0462,1.0469,0
2024-12-02T16:00:00.000Z,1.04691,1.04989,1.04607,1.04903,0
2024-12-02T20:00:00.000Z,1.04902,1.05158,1.04887,1.05008,0
2024-12-03T00:00:00.000Z,1.05008,1.05014,1.04823,1.04903,0
2024-12-03T04:00:00.000Z,1.04903,1.05115,1.04807,1.0498,0
2024-12-03T08:00:00.000Z,1.04981,1.05307,1.04972,1.05226,0
2024-12-03T12:00:00.000Z,1.05225,1.0529,1.0492,1.05166,0
2024-12-03T16:00:00.000Z,1.05165,1.0535,1.05031,1.05045,0
2024-12-03T20:00:00.000Z,1.05045,1.05126,1.05028,1.05099,0
2024-12-04T00:00:00.000Z,1.05098,1.05125,1.04879,1.04936,0
2024-12-04T04:00:00.000Z,1.04936,1.05289,1.04908,1.0509,0
2024-12-04T08:00:00.000Z,1.0509,1.05148,1.04825,1.05048,0
2024-12-04T12:00:00.000Z,1.05047,1.05439,1.04723,1.05294,0
2024-12-04T16:00:00.000Z,1.05293,1.05425,1.05072,1.05138,0
2024-12-04T20:00:00.000Z,1.05138,1.05173,1.05049,1.05123,0
2024-12-05T00:00:00.000Z,1.05124,1.05232,1.05081,1.05229,0
2024-12-05T04:00:00.000Z,1.05228,1.05386,1.05171,1.05353,0
2024-12-05T08:00:00.000Z,1.05352,1.05463,1.05213,1.05364,0
2024-12-05T12:00:00.000Z,1.05364,1.05896,1.05237,1.05722,0
2024-12-05T16:00:00.000Z,1.05721,1.05886,1.0557,1.05873,0
2024-12-05T20:00:00.000Z,1.05873,1.05883,1.0581,1.05865,0
2024-12-06T00:00:00.000Z,1.05864,1.05864,1.05659,1.05759,0
2024-12-06T04:00:00.000Z,1.05759,1.05845,1.05674,1.05836,0
2024-12-06T08:00:00.000Z,1.05837,1.0594,1.05713,1.05869,0
2024-12-06T12:00:00.000Z,1.05869,1.06298,1.05441,1.05633,0
2024-12-06T16:00:00.000Z,1.05633,1.05754,1.05423,1.05543,0
2024-12-06T20:00:00.000Z,1.05544,1.05694,1.0554,1.05673,0
2024-12-08T20:00:00.000Z,1.05544,1.05692,1.05544,1.05656,0
2024-12-09T00:00:00.000Z,1.05657,1.05659,1.05366,1.05372,0
2024-12-09T04:00:00.000Z,1.05373,1.05664,1.0532,1.05642,0
2024-12-09T08:00:00.000Z,1.05641,1.05853,1.05566,1.05688,0
2024-12-09T12:00:00.000Z,1.05688,1.05928,1.05578,1.05911,0
2024-12-09T16:00:00.000Z,1.05912,1.05944,1.05516,1.05552,0
2024-12-09T20:00:00.000Z,1.05552,1.05576,1.05471,1.05541,0
2024-12-10T00:00:00.000Z,1.05542,1.05614,1.05452,1.05564,0
2024-12-10T04:00:00.000Z,1.05566,1.0568,1.05469,1.05488,0
2024-12-10T08:00:00.000Z,1.05487,1.05515,1.0523,1.05312,0
2024-12-10T12:00:00.000Z,1.05313,1.05337,1.04984,1.05037,0
2024-12-10T16:00:00.000Z,1.05039,1.05312,1.04997,1.05268,0
2024-12-10T20:00:00.000Z,1.05267,1.05318,1.05236,1.05311,0
2024-12-11T00:00:00.000Z,1.05312,1.05393,1.05276,1.05282,0
2024-12-11T04:00:00.000Z,1.05281,1.05303,1.0488,1.04899,0
2024-12-11T08:00:00.000Z,1.049,1.05124,1.0487,1.05033,0
2024-12-11T12:00:00.000Z,1.05033,1.05373,1.04802,1.04906,0
2024-12-11T16:00:00.000Z,1.04907,1.05119,1.04816,1.04911,0
2024-12-11T20:00:00.000Z,1.04912,1.05064,1.04882,1.05061,0
2024-12-12T00:00:00.000Z,1.05059,1.05087,1.05009,1.05053,0
2024-12-12T04:00:00.000Z,1.05052,1.05308,1.05034,1.05163,0
2024-12-12T08:00:00.000Z,1.05162,1.05207,1.04942,1.05025,0
2024-12-12T12:00:00.000Z,1.05025,1.05209,1.04637,1.04728,0
2024-12-12T16:00:00.000Z,1.04727,1.05174,1.04718,1.04726,0
2024-12-12T20:00:00.000Z,1.04725,1.04746,1.04641,1.04736,0
2024-12-13T00:00:00.000Z,1.04736,1.04808,1.04595,1.04602,0
2024-12-13T04:00:00.000Z,1.04602,1.04661,1.04531,1.04592,0
2024-12-13T08:00:00.000Z,1.04592,1.04958,1.04562,1.04887,0
2024-12-13T12:00:00.000Z,1.04887,1.05241,1.04822,1.0489,0
2024-12-13T16:00:00.000Z,1.0489,1.0506,1.04868,1.04946,0
2024-12-13T20:00:00.000Z,1.04949,1.05045,1.04927,1.05017,0
2024-12-15T20:00:00.000Z,1.04854,1.05107,1.04847,1.05096,0
2024-12-16T00:00:00.000Z,1.05095,1.05228,1.05091,1.05117,0
2024-12-16T04:00:00.000Z,1.05119,1.05214,1.05043,1.05048,0
2024-12-16T08:00:00.000Z,1.05048,1.05247,1.04833,1.04906,0
2024-12-16T12:00:00.000Z,1.04906,1.05127,1.04745,1.05065,0
2024-12-16T16:00:00.000Z,1.05066,1.05226,1.04951,1.05099,0
2024-12-16T20:00:00.000Z,1.05099,1.05185,1.05066,1.0517,0
2024-12-17T00:00:00.000Z,1.0517,1.05343,1.05113,1.05122,0
2024-12-17T04:00:00.000Z,1.05123,1.05125,1.04956,1.04975,0
2024-12-17T08:00:00.000Z,1.04974,1.05003,1.0479,1.04913,0
2024-12-17T12:00:00.000Z,1.04913,1.05115,1.04882,1.04989,0
2024-12-17T16:00:00.000Z,1.04989,1.05159,1.04879,1.04883,0
2024-12-17T20:00:00.000Z,1.04883,1.04952,1.04851,1.04944,0
2024-12-18T00:00:00.000Z,1.04943,1.05037,1.04928,1.0499,0
2024-12-18T04:00:00.000Z,1.04989,1.05127,1.04935,1.04968,0
2024-12-18T08:00:00.000Z,1.04967,1.05034,1.04874,1.04966,0
2024-12-18T12:00:00.000Z,1.04966,1.05032,1.047,1.04738,0
2024-12-18T16:00:00.000Z,1.04738,1.04924,1.03732,1.03774,0
2024-12-18T20:00:00.000Z,1.03774,1.03803,1.03439,1.03506,0
2024-12-19T00:00:00.000Z,1.03506,1.03909,1.03504,1.03782,0
2024-12-19T04:00:00.000Z,1.03781,1.04094,1.03749,1.03949,0
2024-12-19T08:00:00.000Z,1.03949,1.04222,1.03904,1.04034,0
2024-12-19T12:00:00.000Z,1.04035,1.04139,1.03767,1.03799,0
2024-12-19T16:00:00.000Z,1.03798,1.03843,1.03545,1.03613,0
2024-12-19T20:00:00.000Z,1.03614,1.03691,1.03586,1.03643,0
2024-12-20T00:00:00.000Z,1.03644,1.03692,1.03587,1.03618,0
2024-12-20T04:00:00.000Z,1.03619,1.03853,1.03429,1.03828,0
2024-12-20T08:00:00.000Z,1.03828,1.03983,1.03759,1.03915,0
2024-12-20T12:00:00.000Z,1.03916,1.0419,1.0386,1.03967,0
2024-12-20T16:00:00.000Z,1.03967,1.04474,1.03959,1.04447,0
2024-12-20T20:00:00.000Z,1.04446,1.04471,1.04219,1.04254,0
2024-12-22T20:00:00.000Z,1.04308,1.04451,1.04279,1.04336,0
2024-12-23T00:00:00.000Z,1.04335,1.04431,1.04268,1.04392,0
2024-12-23T04:00:00.000Z,1.04391,1.04452,1.04112,1.04127,0
2024-12-23T08:00:00.000Z,1.04126,1.04195,1.03867,1.03999,0
2024-12-23T12:00:00.000Z,1.03999,1.04084,1.03842,1.03908,0
2024-12-23T16:00:00.000Z,1.03908,1.04179,1.03893,1.04114,0
2024-12-23T20:00:00.000Z,1.04113,1.04141,1.0403,1.0404,0
2024-12-24T00:00:00.000Z,1.04041,1.04086,1.03887,1.03908,0
2024-12-24T04:00:00.000Z,1.03909,1.03985,1.03903,1.03904,0
2024-12-24T08:00:00.000Z,1.03906,1.04055,1.03891,1.03947,0
2024-12-24T12:00:00.000Z,1.03949,1.04098,1.0389,1.03917,0
2024-12-24T16:00:00.000Z,1.03916,1.03977,1.03835,1.0393,0
2024-12-24T20:00:00.000Z,1.03934,1.04031,1.0386,1.03952,0
2024-12-25T00:00:00.000Z,1.03952,1.04106,1.03952,1.0405,0
2024-12-25T04:00:00.000Z,1.04051,1.04083,1.0397,1.04004,0
2024-12-25T20:00:00.000Z,1.04012,1.04055,1.03951,1.03991,0
2024-12-26T00:00:00.000Z,1.0399,1.04042,1.0393,1.04009,0
2024-12-26T04:00:00.000Z,1.04007,1.04027,1.03905,1.03976,0
2024-12-26T08:00:00.000Z,1.03975,1.0403,1.03914,1.04012,0
2024-12-26T12:00:00.000Z,1.04011,1.04151,1.03926,1.04089,0
2024-12-26T16:00:00.000Z,1.04089,1.04301,1.04063,1.04175,0
2024-12-26T20:00:00.000Z,1.04175,1.04241,1.04146,1.04216,0
2024-12-27T00:00:00.000Z,1.04216,1.04237,1.04065,1.04125,0
2024-12-27T04:00:00.000Z,1.04126,1.04248,1.04049,1.04218,0
2024-12-27T08:00:00.000Z,1.04217,1.04407,1.0409,1.04386,0
2024-12-27T12:00:00.000Z,1.04387,1.0444,1.04157,1.04219,0
2024-12-27T16:00:00.000Z,1.04219,1.04324,1.04144,1.04282,0
2024-12-27T20:00:00.000Z,1.04283,1.04283,1.04216,1.04225,0
2024-12-29T20:00:00.000Z,1.04247,1.04346,1.04247,1.04292,0
2024-12-30T00:00:00.000Z,1.04297,1.04311,1.04208,1.04245,0
2024-12-30T04:00:00.000Z,1.04245,1.04314,1.04209,1.04267,0
2024-12-30T08:00:00.000Z,1.04266,1.04521,1.04093,1.04479,0
2024-12-30T12:00:00.000Z,1.0448,1.04583,1.03717,1.03804,0
2024-12-30T16:00:00.000Z,1.03803,1.0407,1.03747,1.03965,0
2024-12-30T20:00:00.000Z,1.03966,1.04071,1.03951,1.04056,0
2024-12-31T00:00:00.000Z,1.04057,1.04148,1.03969,1.04085,0
2024-12-31T04:00:00.000Z,1.04084,1.04129,1.03996,1.04118,0
2024-12-31T08:00:00.000Z,1.0412,1.04243,1.04051,1.04103,0
2024-12-31T12:00:00.000Z,1.04103,1.04143,1.03525,1.03547,0
2024-12-31T16:00:00.000Z,1.03548,1.03646,1.0344,1.03547,0
